x1,x2,x3,x4,x5,x6,y
-0.3078171019517218,0.14905919570175097,-0.4929700064643129,-0.2889653374483939,1.0,0.32033134607909763,0.7759852243710137
-0.19940037164397717,-0.8082272616262031,0.22847569250376404,-0.48350283253224635,-1.0,-1.0,3.934654631604726
0.4025132087611041,0.015012376777543968,-0.8320417334255249,-0.7200280133202831,1.0,0.375422607921218,-0.7725124372748906
1.0,1.0,0.4846946687006273,1.0,1.0,0.6701027822498373,-5.155172388986141
-0.31135771915596244,0.15689100548082335,0.9233555202762416,-1.0,1.0,-0.669166254205027,2.74141845355902
1.0,0.34479068561202975,0.24259017271688288,1.0,-0.658825229115613,-0.2944617994168825,3.177594757200207
0.37269420767840633,-0.23480881085626915,-0.9555909462405063,-0.6013128872299924,-0.022393039622615463,-0.3583606187442334,-2.0035982360745037
-0.8917648914485359,0.15338428652365432,-1.0,-0.16544363241754556,0.1525412818624291,-0.49115406008646406,0.5517728796169897
-0.08127740465406852,-0.7542689612521449,-0.8106378778307762,-0.478335211351689,-0.4988920118656548,-0.9156537729496426,1.9073922091072466
0.3886712228195459,-0.6403184009920787,-0.03324447323235258,-0.781051464312297,-0.0705740963910127,0.18684066646864234,-0.050918778761878884
-0.7275070479502777,-0.2051277200640022,-1.0,-0.9090458578668105,-0.10183880722570585,1.0,6.086982534477907
-1.0,-0.4288766570621707,-1.0,-1.0,1.0,1.0,6.467994406473643
0.9774799065235438,1.0,1.0,1.0,-0.5634882266442172,-0.7725387521316972,4.621726239450991
-0.7692096974818461,-0.5222153120923547,-0.5788070956288223,-0.805030003575272,-0.9006452192403198,-0.626542647927292,1.0976644966365225
0.6450332152869197,0.42731170875378544,-0.3862024893500596,0.6872657613438385,-0.9633092658191392,0.21278282638626161,1.6336070215361964
-1.0,-1.0,-1.0,-0.10594505528864606,-0.5372972753482667,-0.07835610050856257,-4.892754476563822
-1.0,-0.9258539205228292,0.15047097043497148,0.050817358900743625,-0.9916016708458135,0.4967143161713563,-2.6073189593127135
1.0,1.0,0.1051516726716431,0.9636965259793813,0.46928497416249937,0.7096742482429115,-1.3450566218934314
-0.8031298279126096,0.12186532892384,-1.0,0.3315803706192233,0.19887156368057834,0.21107209167677254,1.109546873580203
-0.6327349767490343,-0.19561415018573847,0.012405481938069673,-1.0,0.2719817784085419,1.0,1.7890871879558552
0.6714450254064188,-1.0,-1.0,-1.0,0.7428335928840465,0.09018487743307024,-5.354106711021091
-1.0,-1.0,-1.0,-1.0,-0.5754190644443276,-0.8085108579616069,0.5918832464909008
0.5812988910314371,0.09911466617815434,0.3926673203007043,-0.016595167484826034,0.9194584410858135,0.27755107152198844,-1.4897060774300626
-0.5647046185541258,-1.0,-1.0,-1.0,-0.3046466788236336,-1.0,2.7955147622305256
-0.572976945683243,-0.11273430080628466,-1.0,0.3366077370063959,-1.0,1.0,5.42436310365397
-0.3671192914738026,-1.0,-1.0,0.3857124612743919,0.9250882148035878,0.45546526307258106,-1.81061125253089
0.2341150890084096,0.11860350021816796,1.0,0.4278588811304702,0.1272829326167887,0.46492715359826486,-1.0701849028137798
0.39740675721565955,0.6863697537385473,-0.4047755941421937,1.0,0.46859938587091976,-1.0,2.1162937552886762
-0.8459790284898707,0.43415284928356124,-0.9288241309899151,-0.2783810674451491,1.0,0.33898667205930294,1.4617268803052816
0.04790208889014114,0.3891134578690191,-1.0,-1.0,0.43718196334251574,1.0,6.683711345765242
0.48665702324419663,1.0,1.0,1.0,0.0678260553269261,1.0,-6.313524888967879
1.0,1.0,0.8599908496906026,1.0,-0.005717952362713663,-1.0,3.991943122204576
-0.24246481680566628,-1.0,-0.09475803840559016,-0.5597217622539153,-1.0,-0.9560119828185161,4.53188430684985
-0.5197117006247054,0.5593978338079815,0.5619508162521603,1.0,0.3836973131633632,-1.0,2.2186981250354014
-0.09480618808081942,1.0,-0.17798459825725016,1.0,-1.0,0.09253780654687582,2.615994512212283
0.00267640339001729,0.20285703375604647,1.0,0.7071185819797907,0.5040595381728601,-1.0,0.6846131613748808
-0.08472720697395658,0.4786767305569334,1.0,0.9509534063339249,0.170530821822857,-0.4331126109670106,-0.7098196107223714
-0.5515188541314293,-0.9771171060646989,-1.0,-1.0,-1.0,-0.05383038517249705,-0.40370462210544955
-0.20804830546420675,0.08878945517396125,-0.2750996102387677,-0.6214610794322349,0.42556288928273917,-0.6421936370422655,0.9843485559849461
-0.9375652232386971,-1.0,-0.40146029973522657,-0.8929713519471355,-1.0,-0.8182948892574327,3.0901341482093976
-0.30914496473446484,0.6620510968964735,0.20679454093578425,1.0,-0.6576224870627019,0.22491731602752307,-0.8018550067173905
0.7373387675636516,1.0,1.0,0.9528384201498137,0.7032355166637246,0.9479414254598051,-7.544921129484173
-0.054142427018306405,0.9731977384621688,0.9182899646781455,0.3137594262192138,-0.9707065751249958,0.5786980984972351,-3.064716690923388
-0.9023383358222048,-1.0,-0.10582787843762165,-1.0,0.46073866746095615,-1.0,6.563178779429582
1.0,1.0,1.0,0.15527905785603768,0.38627271766639104,0.22432466216665148,-3.7166377224122025
-0.8607402535339203,0.9461703671983591,1.0,-0.08176945064139218,-0.9548977803563361,-1.0,-3.8203339952621973
-0.7008662814765025,-1.0,-1.0,-1.0,-0.23061246857512363,-0.2650160147527323,-4.1932884202920535
-0.21266146561183807,-1.0,-0.22389720776837918,-0.27770034018804823,-0.2142153820071122,-0.8406262427183614,1.9924895487144112
1.0,1.0,1.0,0.7592528323528298,-0.3161496406861781,-1.0,3.4481385921623673
-0.1335990158646796,-1.0,-1.0,-1.0,0.7095153231310974,0.1374849155234168,-6.55637606676707
0.6806044745549716,-1.0,0.5720391620431656,-1.0,-1.0,-0.6296043693786697,13.28224118674413
-0.44358095615089754,-0.13460989449369665,0.5000136691983681,-0.7483561822136151,-0.17151002527386128,-0.97294283420136,3.635027405713947
0.43920327970020634,0.6058875729557036,0.8317467639762028,0.06715631089574248,1.0,-0.4472715340572544,-1.1531994915942256
1.0,0.8745443033319847,-0.08431909860035103,-1.0,0.2524083016556107,1.0,5.550140376521684
0.9196816108597041,1.0,1.0,0.70313119058774,1.0,1.0,-7.922204963449688
-0.21514262596308498,-1.0,-0.6823298887302446,-1.0,0.6927214922558809,0.3080934258095488,-3.4659947043409383
1.0,1.0,1.0,0.22731596471125914,0.3248032351911455,1.0,-5.413654169425807
-0.6399486155343838,-0.5328614160125887,-1.0,-0.6900185882877388,0.500030456924702,0.5259757561920833,-0.8296720653284538
-0.3198007465069602,-1.0,-0.19160252710149736,-0.11421923366302941,0.6609272449403278,0.35800609110354564,-0.4270795884208792
0.8488913928326305,-0.36778908145741185,-0.388675082047948,1.0,1.0,1.0,2.40385082259609
-0.04107249073331054,-0.487579502538899,-0.40252780727813414,-1.0,-0.02647457963842076,1.0,2.039053943212493
1.0,0.9136017243999566,0.3712703801025885,0.4799495914235863,0.7101272742406683,-0.49024140254851534,-1.1920131413895363
0.2842810684554069,0.05596277768555713,0.5520695282706022,0.9796636612978684,-1.0,-0.9151601460107077,3.2594156662898945
-1.0,-1.0,-0.7722804262566884,-1.0,-1.0,-0.9288812547037415,4.210563607719141
-1.0,-0.9785381572522889,-1.0,-1.0,-1.0,0.7998362068800317,-0.1274278954397153
0.44400888624806184,0.9650523305282983,-0.3777940350874835,-0.6510348459618135,-0.981654998605507,-0.758909512312091,3.030275852291282
0.6202067727020983,-1.0,-0.9636169820245426,0.7366293512348585,-0.13342795654808493,0.10914460164779782,-1.203466427987274
0.45346137229508754,0.8739904540374839,1.0,1.0,-0.49615744419493657,0.7797876707992661,-2.508270140812044
0.3422085679447399,1.0,-1.0,0.3725609678054962,0.5659359068142773,0.8615950658437728,6.217373243718053
-0.4657882969249461,-0.5980105621710419,-1.0,-1.0,-0.09272500471762812,0.9211474055630865,2.3705918987741588
0.9065370292499784,0.644166824704311,0.41529585660679214,1.0,0.27128300383710413,0.7759801536043484,-1.4481771069229357
0.7326665485160023,-0.7436400121314963,0.2927936182329156,-0.008158846970224176,1.0,0.33775404532051034,-1.669417838753577
-0.5923777967074908,-1.0,-1.0,-0.3466566195608583,0.26488310289195294,0.7734275769730936,-0.4335160731256923
0.03460438161709334,-0.30176552962750136,0.6985736309139658,0.18599568252377685,1.0,0.6068389943983309,-0.9063164294587631
0.4980163827463709,0.05656748511843392,1.0,1.0,0.5117324236221676,0.6101097342702159,-2.824067834530357
0.7674302616955025,0.0002873291582592419,-1.0,-0.7317541624596163,-0.30047599333381675,-0.8247789882831049,1.0465090274178461
1.0,0.939742687718613,1.0,0.9565570498113267,-0.27132902027021844,0.015078582507344632,-0.8450771502651823
1.0,0.2134120314758767,-1.0,-0.3064377142717975,0.04058033791816268,-0.2549810448251707,-0.24931504661429266
-0.5981640343689729,-0.4100588045092237,-0.5251910333951313,0.2746191110509376,1.0,0.5951797849496558,3.562316154584874
-0.5912193503173391,-1.0,-0.5937906346082134,-0.39333915748124726,-0.43748542550857583,0.9378266489192228,0.7326489632239922
-0.29137956451858277,0.42397640548531773,0.8904164434228599,0.5700337637158235,-0.8601653201234523,-0.6665735972970097,0.010049163167996991
-1.0,-0.42453021894857446,-0.5688204152201943,-0.17688833395983294,1.0,1.0,5.4738917974328185
1.0,0.1327321334328635,1.0,1.0,0.5018719996929932,0.6252850060518051,-4.452249047656542
1.0,0.46301194597725415,0.35527010954005456,1.0,0.62422451244182,-0.5494499105741311,0.06783621265961384
-1.0,-0.33343655419332485,-1.0,0.5983258770413318,1.0,1.0,8.988663337519949
-1.0,-0.5096742361704025,-0.9506309914297106,-0.9065128568933838,0.5280667725723378,1.0,4.530119480822738
1.0,0.17700100448914124,0.48551082452519667,0.8877577928759182,1.0,1.0,-0.3578563400042053
-0.8556574327498736,-0.9519927876912546,-0.7028726984615559,-1.0,-0.22166752644274576,1.0,-1.112252806052703
-1.0,-1.0,-0.7273681279264999,-0.27790351086527476,-1.0,-0.11508454089137665,-2.8978482170752202
1.0,0.6856246240093509,1.0,1.0,0.9958318318701003,0.5076269867208654,-8.433636934645312
-1.0,-1.0,-0.6193137978643115,-0.45600790968934984,1.0,1.0,2.5448667733940016
-0.8083689860557643,-0.08513972371760392,-0.19195083227352683,-0.7218583250358612,1.0,0.40483438820723405,3.008983491545245
-0.40006817874211476,0.4244975888365361,-0.6370790693864852,0.2700137403570717,-0.12316557605989509,-0.9980081663661406,2.999687550310021
-1.0,-0.5757183688054011,-1.0,-0.6813432444030685,0.22199300796230448,0.38084024221953694,-2.8523707244618866
0.9952006003386328,0.7731717262804508,0.27846891552889397,-1.0,0.8257683595771552,1.0,3.5411521036993796
-1.0,-0.7896335923108628,-0.18612279501725248,-1.0,-1.0,0.3487465489876376,0.0704228553751046
-0.2530663880932076,-0.5401680430066199,-0.6686811220753157,-1.0,-0.7714457067697771,-0.027883453639914457,-0.3584101662404895
-1.0,-1.0,0.24128360890595346,0.3924419192062739,1.0,0.2625896204476499,2.469293110067611
-0.15285690907011817,-0.8792326546495348,-0.5021155450744894,-0.12096082081944659,-0.2261749226582802,0.8291970545250563,0.33805198655744373
-0.40310171248008664,1.0,0.9139731310095736,0.8943922878711816,0.5492262327657347,0.22204867765705094,-4.5244266259267745
-1.0,-0.6375001625390975,-1.0,-1.0,-0.8378988683205404,-0.7365651677714552,0.7922957919372156
-1.0,0.016349414971436715,-0.6039815914976338,-1.0,-1.0,-1.0,-0.30958413606248475
-1.0,-1.0,0.8771033794759061,-0.9835491196080448,-1.0,0.518307875604265,-0.5427248471425816
0.3300191711601749,0.4732097590157578,-0.14749095011233188,0.5259918267099024,1.0,0.3426329639670107,0.07089970143735407
1.0,-0.7394260150481978,-0.3053496693956702,-0.21729653647611863,-1.0,-1.0,7.337624424833633
0.20680692695132885,0.9884690921208046,0.2984050847387094,-0.33531608666783663,-0.3654623992848991,1.0,4.070358441514069
-0.009308558359742758,-0.4294695436489513,-0.7052996946124481,0.8826084935654575,-1.0,-1.0,1.4006638089023944
1.0,-0.3332028338561961,0.04450284663026999,0.4398543011292746,-0.3474097392324883,0.25599526365286307,0.897012057164363
0.7544396797294171,1.0,1.0,0.6140789864498328,-0.6439088092746124,0.7612559222449615,-0.7471404286622121
0.6810269968010486,0.6671861277306179,-0.3692456579897746,0.18947770796300578,-0.21687216467785805,-1.0,3.6768906424836554
-0.4598938638371316,1.0,1.0,-0.15049726888525472,0.005504069961673637,-0.9407267863309381,-1.074157949234176
1.0,1.0,0.49617554374650596,0.6018581322953849,-0.15244980022367524,0.4253517206925469,-0.15500948441935092
-0.40928669423531117,-0.06241433153946385,0.07420723382748712,-0.2954911597700017,-0.2636670375429866,-1.0,2.8617178526616276
-0.8237991034311692,-1.0,-0.5946441169625799,-1.0,0.007817329709966403,1.0,-2.6558480985404542
-0.8051137489723147,-1.0,-1.0,-0.451996069896102,-0.3241642431334171,-1.0,4.091848466830426
-0.004659733546482747,0.3179176800224657,-0.9935290159365187,-0.8749027842850644,-0.6311205765884571,0.9312137938344309,6.609392567324137
1.0,0.3611007928226514,0.63771065998173,0.9491495110304338,0.4308156188939378,0.3561429942715042,-3.145185919776598
0.7700923670376703,0.061745740331770965,1.0,0.38930592434208994,-0.5050931476962601,0.23375440158886085,0.2655025093780442
1.0,1.0,0.4481336116253753,1.0,-0.4846675559790755,-1.0,9.261920266386673
-0.22851684826589425,0.5469221184918893,1.0,1.0,-1.0,-0.44464167789214604,-0.356865000980648
-0.37271131466709007,0.2875584262601918,-0.19593981741592092,-0.316125693281321,-0.1622740288452778,-1.0,1.357751232627304
-0.23161653689994938,-0.32129942481774715,-0.4182125423816836,-0.3879805750476313,0.307779278607202,0.6245691908481187,0.7864557889871534
-0.3507401937674668,-0.37911429572405875,-1.0,-1.0,-0.773258277329004,0.5445628341990678,0.4433831080249759
-0.8959083681323332,-1.0,-0.4435012785976612,-0.7718605319579166,-0.3581787458161958,-1.0,3.507575215626961
-0.7429095518583015,0.26759823783223224,-0.8055657487394512,0.226827115277642,0.1814976008627317,-0.39328564487829815,0.18639540054963544
-0.28558565256036655,0.3702794048098289,-0.08300241382906354,-0.07482852074715057,-0.2147218836414,-0.7618481631857086,0.8043324294533197
-1.0,-0.6195753208598747,-0.37908143040672315,-0.051425773068460856,0.3156218408283251,1.0,2.1560067265864316
-0.9639261762328442,-1.0,-0.8957217160320308,-1.0,1.0,-0.6521627088418931,-1.829617477167941
0.4740236136470642,0.8199999244966236,0.5292145765940776,0.7848065555625752,-0.7739414831191711,-0.17275219483205778,1.4275007244472107
1.0,0.8652282791361123,-0.19216304331264578,0.8823414809998811,-0.05057460975537484,-0.41384744010106,2.4786431732788605
1.0,0.8968902070500342,1.0,0.17239326390201826,-1.0,-0.13583561565381305,2.6172411983258907
-0.595936867783462,-0.7066179588003051,0.7205079538996864,-0.19170117134025988,0.04783721402033336,-0.2381372065704923,1.0412420321393514
-0.2090108282750156,-1.0,0.47438462060014486,-1.0,-1.0,0.9065115140383116,4.903094226115186
0.3260783058033877,-0.13227949266187383,1.0,-0.2533360429312084,-0.4973067671416844,-1.0,2.7933710895893387
0.9804779964153004,0.1565818618215573,-0.0854460356251453,-0.17325833677068697,-0.16590130390088753,-1.0,5.128728286867843
-0.4356532586324974,0.14552942339499936,-0.0903175333528558,0.08164771948580979,-1.0,-0.7736373310861069,-0.09316165369553286
-1.0,-0.09717893438315328,0.17350606700874682,-0.9350070815914421,0.3186187743844826,-0.15488329762946607,1.7796886339229463
-1.0,-0.231800298963454,0.9786248771318258,-0.954665728370099,0.26265980301379777,1.0,-4.256279663070875
0.7765162619750435,1.0,-0.22725069336366513,1.0,0.4437599034488678,-0.3923960127806375,-0.17745511534049607
0.4900459773456203,0.6770712124712033,1.0,-0.36380517336365364,0.632307371371934,-0.9652573206042511,-0.2683025728570646
-0.38738180318595977,-1.0,-0.4310961401715001,-0.7468694103005851,0.187988651750141,1.0,-0.6004253530855408
1.0,1.0,0.5749438130987911,-0.025728611524542644,-0.13858588212390033,-1.0,2.4042203308602375
0.17635235950662242,0.5360467780012246,0.4558100141271127,0.8971161373334088,-0.8461148459331461,-0.7549511616483402,2.1182228807819024
-1.0,-0.022568782080150118,-1.0,-1.0,-0.2602833111684384,-1.0,4.473970519757931
0.6337956297431356,0.6653091232625659,0.8826055439725773,1.0,-1.0,0.1844680221110198,2.129703694265866
-1.0,-1.0,-0.4925956182360195,-0.147756455892202,-1.0,-0.22618883052340555,-2.507353795732452
1.0,1.0,1.0,0.24063909356117907,0.129925363079543,0.3114533696948054,-2.6875314926008174
0.7244516359963223,0.26880398238048564,-1.0,-0.43826671325744276,-0.6449603301216248,-0.5921011162408064,1.9443244184681867
0.3390523620840841,-1.0,-0.7843264796120324,0.7917774349919632,1.0,-0.16024553573250544,-3.2311443096371737
-1.0,-0.06105475070877553,-1.0,0.3020388727246922,-1.0,-1.0,1.1942964092630504
0.17737327518271906,0.6793075621028757,1.0,1.0,0.47371358508942085,1.0,-3.5745388519704604
0.5633789087335253,1.0,1.0,1.0,-0.21015572579056224,1.0,-3.9385036810884175
1.0,1.0,-0.511297723868904,0.1603006845319177,-0.5112142045075846,-0.5668000177544339,3.369974495851827
-1.0,0.18528533888333198,-0.46037346277097746,-1.0,-0.20894449328740494,-0.3154121447117917,-1.0384719322833693
-1.0,-1.0,-0.26926007959400655,-0.6888544683655801,1.0,1.0,2.637433482025138
-1.0,-1.0,-1.0,0.3221614504967205,-0.9684946779872443,-1.0,-1.7523282129793594
-0.8345703255976957,-0.5526970960955311,-1.0,0.5599667002988977,0.43516052102008007,-1.0,4.143247583766748
1.0,0.1785049134559029,1.0,0.4392372507509863,-1.0,0.8577450583569023,3.1446045538951837
-0.24336821663104183,-0.11556636292353561,-0.28222302986989467,0.11090891698675173,-0.5990734632157986,-1.0,1.2804058493327644
0.712410775294241,0.4675750695347356,0.8698182325891952,1.0,1.0,1.0,-2.3646508323948483
-0.8786600461790546,0.3194599377083188,-0.026044439455554458,-0.358995796587125,0.28195494839680846,1.0,2.423227179429844
1.0,0.12283131083002163,1.0,1.0,-0.020803365127890383,-0.6754611717615283,1.0227565805968983
-0.8445885976355362,-1.0,-0.9252211775445873,-0.784267261473815,-1.0,0.20832733919335733,-2.9778824835221798
0.19569700808266605,-1.0,-0.47369048888469245,-1.0,1.0,0.5183337002929853,-2.3498338291250684
-0.06551943462926291,0.6175131533682859,0.05095009482655288,0.10990098521184477,-0.2262180741830942,0.8319347836685271,1.3719204058717138
-0.29925842943348624,-0.6663908484886283,-0.9634917013083657,-0.912097567427544,-0.4372659832768635,-0.3782241913180521,-2.1490778666375068
-1.0,-0.7908457929520041,-1.0,-1.0,-0.23723075903615132,0.5442716699755884,-4.194491614811743
0.8492532542018063,1.0,0.5756688349688726,1.0,-0.7869274056790272,-1.0,8.67971468532675
-1.0,-1.0,-0.6534327479024153,-0.8287209255249164,0.7587290873633157,-0.9418577309203735,3.7784451168115885
-1.0,-0.6556257407004356,0.42770656775526394,0.6848059991340976,0.1667624336976945,1.0,0.8340315834977159
-1.0,-1.0,-0.5419480503340317,-0.41425331324336545,0.8468003822867023,-0.2507361470185469,0.34231597640738864
-1.0,-0.8005768128711295,-1.0,-1.0,-0.445953146421213,0.15592419810374725,-3.9828077493097944
-0.19423755688501093,-0.27802112500349424,-0.4819919108040611,-0.42306297237781076,1.0,0.1420666037854873,1.1556452742169263
-0.2579739938820158,-1.0,-1.0,-1.0,-1.0,0.7695449446751137,3.7544043121178117
-0.24956430086908155,-0.33835019759626705,-0.28329726255149135,-1.0,0.973941386155772,0.15439719917503414,3.093961346225438
-0.6457301934698294,-1.0,0.2925620336448012,-1.0,0.15440997192685357,-1.0,6.3078166818563695
0.1410566557687365,-0.9967009300914822,0.6353652570875965,0.44293624742991144,-1.0,0.6350961551145806,3.427641792640314
0.2707837263291464,1.0,-0.7604655267521474,-0.30792008186363695,-0.09224864855985304,-0.8894605902801911,2.1073706041035805
-0.06586264975784206,0.28531610022438647,-0.3409130654313869,-1.0,-0.08237026350642197,1.0,4.371628576546307
0.15763264546669098,1.0,0.9265679672743808,0.33936730597722864,0.18328725806776713,0.14233252471653934,-3.2782072102051276
1.0,1.0,0.4155584141297939,0.5845028443220919,0.12463583347953755,0.4789717276660248,-1.3362166210988773
1.0,0.0838588795237761,0.7744535426194026,-0.14970718575365027,-0.05018357249338079,0.8974514954773947,0.35402879025655315
-1.0,-0.9604163796489977,0.5830504135794556,-1.0,-1.0,-0.9159787845661647,6.549234304592426
0.4961384728057091,-0.01094926886209191,0.3353305451147418,-0.23884477355741673,-0.8731748932205309,-1.0,4.271230619985438
0.9413348545023698,0.19675187734345273,1.0,0.2512472024085197,-1.0,0.019116781990862752,4.47560013298115
1.0,0.5208144473771709,0.41564087063668487,1.0,-0.0694063553102598,-0.16957897662606258,1.0555445065691518
0.677950416787216,0.4920408981597657,-0.6728467290344632,0.2937307532918423,-1.0,-0.4228442685167618,2.54015358973731
-0.044549638733023034,-0.38587510961031973,0.6229169657350289,-0.3034461343136408,0.9390546703495857,0.10968916623070135,-0.1015506852388201
1.0,0.475162896825138,0.5076568632526354,1.0,-0.2352463592810583,0.13676654668219848,0.19111168193802125
0.2764842610675895,1.0,1.0,0.6665210934375443,-0.3653109724223743,-0.4077549606177771,-1.3576679959891662
0.695080206399407,0.38588851473330454,0.6581551835390782,0.27381198706430643,-1.0,-0.1263374238034597,2.785537291176142
1.0,1.0,0.1778442176810089,1.0,0.07131840006099027,-0.6388697548523452,3.3356816637904
-0.4246220630699638,-0.04092149873528522,-0.19691529343234745,-0.20489564567118956,-0.20242496579371932,0.09671300491507107,0.24873345198508387
1.0,1.0,0.7119584434276395,-0.05578642043220927,-0.47548342206398064,-0.7326150264423918,2.203397329973178
0.6379234044425072,1.0,0.12408631547878862,-0.14253044070639675,0.23483800691274337,-0.14010265219999307,0.11482428003078471
-0.07760916019398384,0.5562674325536587,1.0,-0.49163693234683103,0.13417150135257133,0.03789198676771829,0.5857477037203161
1.0,0.6684419333395477,1.0,-0.01787379013290674,-0.1079542449895814,-1.0,3.0736060245967622
0.6725509966351316,0.13523108330176048,1.0,0.923350453317066,-0.49086263216508286,-1.0,3.067420150654162
1.0,1.0,1.0,0.7910702009786574,0.35393587360241285,1.0,-7.125884256822011
-1.0,-0.6596184721225834,-0.08385571718324214,-1.0,-1.0,-1.0,2.7973708982135688
0.08641093531201016,1.0,1.0,1.0,-1.0,0.07159816467889235,-1.693399271458072
0.2411397835021395,0.043917689340371324,0.5442804011527346,1.0,0.4997690821081818,-0.837705322455909,1.0178266359355483
0.390472927365469,1.0,1.0,1.0,-0.640734256744842,-0.9281572408232748,1.6808909272807775
-0.6258361418298336,0.10449649094821527,0.34488847224104885,-0.8005428215024731,-1.0,-0.22123129599981617,-2.083622430097364
-1.0,-0.02877685607214353,-0.5241687330482534,-0.5924962646638985,-0.9371068370320689,-0.2649311868010896,-2.706587993839297
-1.0,-0.4432722660849575,-0.3307184572945528,-1.0,-0.39866194057733306,-0.5279101618247857,0.504765331672636
1.0,-1.0,-0.08855056279930401,0.436740104548102,0.921934810007946,-1.0,-0.5747222039111753
-0.37184522556374033,-1.0,-1.0,-0.2906390295329988,0.5781628865513527,0.26062246239201015,-3.426068071373771
0.8578896660262343,1.0,-0.5083981461468416,1.0,0.587376353777024,0.9173874935968762,1.3189706953853726
-0.004942513985838462,-0.3533254415960168,0.2176835546644692,0.9529287084388475,0.027964654854120585,1.0,2.3102124384123477
0.9531685061333034,1.0,-0.04088981390083479,0.46094952095481134,-0.9188931592955568,-0.696705068018491,5.355292722286147
-1.0,0.4883182998395864,-0.18935080166404927,-0.3140805949146953,1.0,0.8250431805861541,5.95677732887414
1.0,0.560659367621519,0.15712901373745436,0.3256299701956349,-0.2578398150400497,-0.20765284871846657,1.3229159270312947
0.15826425686450452,0.18502804241440107,1.0,1.0,-0.12842686840662132,-1.0,1.5487789313472793
-0.6727824107095683,-0.9277467706330853,0.0023047978671603964,0.39338645204933287,-1.0,0.03663169758276574,-1.0063905126695922
-0.37482816000489333,-1.0,-0.06888729358464074,-1.0,-1.0,-0.5835483530508164,7.70624038834255
-0.04225208910332916,-0.19411289702917545,-0.13018781113774144,-0.3719481177065195,0.6816080552187598,-1.0,2.845086000968586
-1.0,-1.0,0.040955663985584256,-0.5182500566174637,-0.3746795433729069,-1.0,4.018125509084818
0.44511338343479695,-0.4349683604811144,1.0,1.0,-1.0,-0.5315515558389432,2.0701106542889387
-1.0,-1.0,-0.33394228320393626,-0.6995774787103589,0.12483317209384936,0.7633373829452357,-3.093045606677088
1.0,1.0,1.0,1.0,0.5629832425272733,1.0,-9.021931733479676
-0.3912085817663181,0.252926584467531,0.12744106690559298,0.3200683761428872,-0.028939340987385265,0.27459938040297305,-0.3729248763506159
0.848040022621577,1.0,0.967847939027732,0.3038475575168851,-1.0,-0.887841481043012,1.8553420750975207
-0.008110706632009745,-0.08234091322635662,0.6647097915231844,-1.0,-0.5241722564602278,-0.18106880533674197,-0.022151004829100013
1.0,0.18489204059820374,0.37677238424021575,0.6331822600617064,-0.24032983814716752,0.29365997620934137,0.13459826883417697
1.0,0.044632509739949366,0.6117750306468868,1.0,1.0,0.7469862107640336,-2.81366225481484
0.8729395868964016,1.0,0.9527359387542259,1.0,1.0,1.0,-8.638984586961772
-1.0,-0.03521374905238139,-1.0,-0.9986736411358288,1.0,0.2147467685893436,0.13530700242218316
-1.0,-1.0,-0.7310228628464619,-1.0,-0.04882740620819748,1.0,-3.0246287874947013
-0.12432453077779748,-1.0,-0.7370733977062741,-1.0,0.1646567320915272,-0.1905255443951912,-1.6985152711294398
-1.0,-0.009144758743333259,-0.037389934460767715,0.23754357732523712,-0.4250378902204257,-0.5093830982416085,-0.2391996855530209
0.22746054682334493,0.8283029289618684,0.25640476589323,-0.6221912441721946,-1.0,-1.0,0.9720386163682938
0.46254211610602614,-1.0,-0.32089028178587753,-0.8208262387814815,0.14119526677470784,0.21046888107366157,-0.42116571102125555
-1.0,-0.006574645900464082,0.4778942388127203,-0.3454864401415597,-0.4179575625079984,1.0,-2.0971812081711696
-1.0,0.7582037464776513,-1.0,-1.0,1.0,1.0,13.284715709167834
-1.0,-1.0,-1.0,0.6567269384257993,0.908088469642284,0.26770154922272005,-4.198773773216921
-1.0,-0.9937023433354353,-0.7299093924273192,-1.0,0.31022009499693215,-1.0,4.665998683489271
-1.0,0.5485994542625363,-0.4898312330821914,-0.41896278339580295,-0.8861997154720185,-0.3446649947123872,-1.681648394713804
1.0,0.9224716931794695,0.6326112719998223,0.0893875244994437,0.5798146252404979,-0.6817025932444665,-0.8120443931662813
-1.0,-0.9676755166750413,-0.49095445516838376,-0.42560287074570446,-0.7507257567111034,0.8139951915812595,-3.04732056944759
0.3372956320344467,1.0,0.3930903110620072,0.4851262202167981,1.0,-0.0441004589130396,-0.4126600494372563
-0.2916016055102708,-0.4142761452609942,-1.0,-0.7268404913319145,-1.0,-0.6835144325011158,0.7469818818865446
-0.17034360691949052,-0.5079526912926109,0.16397446566254698,-0.36066925703474295,-0.7353470075197788,0.139465091368846,0.5136374295821259
-1.0,-0.9085706077386089,-0.4430470143918319,-1.0,0.3837827090685245,-1.0,5.346616017431184
-1.0,-0.6024462823150938,1.0,-0.06709443072965621,0.656476143319428,1.0,-1.4992924250830586
1.0,-0.11676628210936557,1.0,0.890481237478283,-0.5615336121350428,0.12446963847369219,1.705829939840617
1.0,1.0,0.6223562514914509,0.02896989460331123,0.2223868581937295,0.9585014891857515,-1.2384725833651171
-0.5190710075566636,-1.0,0.3334168231439696,-0.07343523234048804,-0.3426220211372395,-1.0,4.08492964155316
-1.0,-0.1810786461153459,0.3017561900406892,0.23710032279585236,0.5195082747040307,1.0,1.7881316412058819
-0.7225800925679333,-1.0,-1.0,-0.45526059342271985,-1.0,-0.1764692613975773,-3.4814718991004763
0.24162023105318187,1.0,-0.052375205364046495,1.0,0.24427750905945544,-0.8181200191537382,2.612278858308488
-1.0,0.17456548633199953,-0.9747398059258949,-1.0,-0.14685959653688996,-1.0,3.87629926520461
1.0,0.8121456887005996,0.8904685096751397,0.6609753390860096,-1.0,-0.4827111148798964,4.449798712030102
0.7093911674604608,0.7451775058519854,-1.0,0.6583939250678843,0.1763848526031485,-0.18558762272442741,-0.7199022988417303
0.2704914424323517,1.0,0.17343477198088886,0.3951186642712734,-1.0,-0.4145098595090927,1.323334028350904
0.8764061415626879,-0.5704087519471795,-1.0,-0.03849325192611686,0.9900762426322633,-0.8064630727043385,-3.8503516842584284
1.0,-1.0,-0.38316781154149665,0.6374399629564345,1.0,0.7197939330841674,-2.043486136836418
-0.6849269023834781,0.11143796481823948,-0.9929545717766545,-0.7829408775485814,-1.0,-1.0,0.5868424293197398
1.0,1.0,1.0,0.23800851429466108,1.0,1.0,-7.320021480581942
-0.14464976964858822,0.7529213165617794,-0.024807082940934477,1.0,0.2159484758513518,-0.3650642525049924,-0.35411219654869797
0.7102053198878697,-1.0,-0.6230980538412738,0.13406329245112394,0.4570367356175596,-0.9622533477589272,-0.2488148255884386
-1.0,-0.8465176434699341,0.33964012426636425,-1.0,1.0,1.0,2.8781686111542566
-0.02329619106403291,1.0,1.0,0.6818362813461551,-1.0,-0.46258773619739263,-1.5595072695807646
-0.11691457464248511,-0.5449371795749234,-0.8163442396579288,-1.0,-0.017695460452840428,1.0,2.5425517084976526
-0.018160195958947717,-0.8494378309676635,0.09873685684438127,-1.0,-0.5847241530450175,1.0,3.436261535590437
-0.5720882345161706,-0.6507253827810258,-0.22370557699424587,-1.0,1.0,1.0,4.224672425796501
0.14047161471000702,-0.5473637139708455,-1.0,-1.0,1.0,0.9866160716184014,2.6250658867388643
0.4938215095231072,0.8156588802500694,-0.14627744644941226,-0.02619179311286124,-0.49057572674333544,-1.0,2.6294576232094737
0.044000346089722586,-0.6699422241789557,-0.7807500571908335,-0.865785719687247,1.0,-0.26272354966286804,-0.7762353823050971
-0.8036839670994408,-1.0,0.04032916869156733,0.30298189033922257,-0.5365000017298762,-0.5810140530554793,0.5185950857628594
0.32939791832044635,0.48333758958462664,-1.0,-1.0,-0.656546001116907,-0.3138509857635241,-0.7384520427160559
-0.14077171126004528,-1.0,-0.15629909058943334,1.0,1.0,0.15097995194336322,-0.10980442809869495
0.1507762882180662,-0.34306270607983924,-0.4882785706996138,-0.10150711152062719,-0.23285881814536585,-0.04964735196406689,0.10430205744125993
0.41451027362306014,0.06646834165308002,-0.6111114003517487,0.6341177253998885,0.24252313213299598,-0.6063839952172874,-0.3146523695465385
1.0,1.0,0.246152379189379,1.0,-0.43778694166152166,-0.49853469166930875,4.694103534462769
-1.0,0.6263923085595546,0.4886266067574295,-0.35720407543223726,-0.7022701907283452,-0.8696957362740737,-1.8557152151028864
0.32963854473342513,-0.5817073491785886,0.717144598342024,0.04133869681645985,-0.1986921277638076,1.0,0.5290830621023082
-1.0,-1.0,-0.03409830412571724,-0.566300121148829,1.0,1.0,2.948503452820857
-0.834693955818332,0.45748619582608185,-0.09417524860616666,-1.0,1.0,0.12124023465351419,5.35401831590113
-1.0,-0.5077418888032176,-0.1175629451683638,0.3521465061373868,-1.0,0.08901234481612885,-2.0588808851262352
1.0,0.6985932114577611,1.0,1.0,-1.0,-0.8203379544269462,7.465732046507465
1.0,0.9432305012363598,0.42503957401914416,1.0,0.35420547969430516,0.9775753093637135,-1.8482660959998274
0.34205620544872617,0.5378470091272161,0.7229518696066597,0.4101658132526711,-1.0,-1.0,3.421883244356115
0.6390762445707445,0.6715697113814135,1.0,1.0,-0.9612958417865013,0.7748074286592748,0.3147492907811891
-0.44514332119125766,0.032919858512425126,0.7558522400791723,0.7297775921849592,0.77236162881155,0.37297382779883725,-0.18156137003216005
-0.8700578980409834,0.33843912592352815,-0.24592782985804065,-1.0,0.016295295621498534,0.6971717355866888,1.4807099418581156
0.5606237814307431,1.0,0.3525354016440936,0.1580763284238309,-1.0,-0.23758973148326035,-0.13680147055100522
0.1763545356022761,-0.11520525108402258,-0.05072589809200084,0.3373491867748418,-1.0,-0.07383141402765603,0.12524382773183362
-0.3033087681806983,-1.0,-0.4252515460447372,0.235839908979039,-0.834757119762604,-1.0,2.0858942001730814
0.09866883964554707,-0.7141144209202877,-0.004845319371155121,1.0,-1.0,0.11780240482362037,2.037856007704942
-0.04170181641285936,1.0,1.0,-0.09647437619211946,-1.0,-1.0,-3.6046654440938783
0.9310685527016018,1.0,-0.18355884866904332,0.3105723028749161,-1.0,-1.0,6.72677993710498
0.48716342105527555,0.41910809515178693,1.0,0.07986671728816241,-0.058252487068273795,-0.2333589050571518,1.1073824181745087
0.47693576286849737,0.28806476222288535,-0.5850248291549849,-1.0,0.5560010045652521,0.9959310671235502,4.205938174564121
1.0,-0.3348385079356492,1.0,1.0,1.0,1.0,-4.876628647010217
-0.5139131416993099,-0.1882724546063328,-0.3661358688455858,0.03615068477182737,-0.9148530901427749,0.26729965086528207,-0.6140449464811705
0.819843931945953,1.0,-0.12908143738218458,0.7614691533960757,0.004501250586366967,-1.0,4.902695393047832
-0.15385707986335456,0.7883768592398939,0.6435053636518908,1.0,0.332401237184387,-0.5161237106278379,0.24538026346493724
1.0,0.12371068658745976,0.6428536378511738,0.11867431918334126,0.9291676036001582,-0.5197618036030922,-1.7112857223178795
0.17996346081822434,-0.0025780865932010233,-0.8414151999621869,-0.18697319853772332,-0.26280510806318147,-0.23175963400388677,-0.257504765758958
0.6126492756993618,0.14217185861016296,-0.4561957176916076,1.0,-1.0,-0.16272097788119,3.1657700054241955
1.0,1.0,1.0,-0.35172939404490744,-0.69367514241961,-0.5811193270339554,1.16060997054338
-1.0,-1.0,-1.0,-0.16953088821951967,-0.2612712059152052,1.0,1.956232036074295
0.4688439342692179,1.0,1.0,0.6686040247676289,-0.2914799461819479,-0.5327992741432672,-1.298049327474302
-0.2595003126890719,-0.0642510694944855,0.30619683704164813,-0.5230941591912888,0.07016854411027332,-0.6466076824032665,2.117298364534089
0.4566411286795683,1.0,0.928757469412567,1.0,0.5523463483005204,-0.017135302908708017,-5.1346367781470565
1.0,1.0,-0.7126813594390051,0.8619528569522287,0.5965178608619116,-0.4880237893907774,0.006495164736894765
1.0,1.0,-0.15015599660173584,0.18778786907202782,-0.5119596525490313,0.6021090759823253,3.3471348100208376
-0.5481111214296205,-0.3930156254187238,-0.4738484696393602,-0.5767881311186149,1.0,1.0,5.44922346148832
-0.4113156438113881,-0.20432450723592568,0.058798286573400915,0.04655073056403086,-0.19927989124294154,0.17871080587761323,0.8900536102829189
-0.41331166877097825,-0.8215591530588782,-1.0,-1.0,-0.4777956104797343,-0.8967212564241638,3.240752282192624
-1.0,-0.24987420125312354,-0.4951074197849119,-0.30402897896313746,-0.6808557579028022,-0.6282826943295519,-0.486998796298602
0.27577387495142064,0.5816698977609285,0.32915149821349327,-1.0,-0.7347757991947487,-1.0,2.720816695000155
1.0,1.0,0.7002222691797026,1.0,1.0,0.20974721269852736,-5.898533369322537
0.7843028362744937,1.0,1.0,-0.2568181284478964,0.4848954802054824,-0.32714626614072284,-2.7342253042335884
1.0,1.0,1.0,0.7474525329278552,-0.7920478598968517,0.29005160692014553,-0.05232127772438244
-0.04057623420658635,-0.2873234470475291,-0.20916761764587213,-0.015369517719923481,-0.39151127895429355,-0.5610539383950145,0.9635648858949393
0.14149656058331772,0.2502875953084127,0.19157360050882968,-0.6220152185226595,0.1272416217519139,-0.9607570962861376,2.277831575426463
-1.0,-0.18318230659988166,-0.027178068018925416,0.06894936266563301,-1.0,-1.0,-1.2505517024754729
0.491799586456245,0.7753880354575473,0.12080411225386012,1.0,1.0,0.2086085299860162,-1.6268992154770392
-0.020743763080012134,-0.6772890886840872,0.19483022051877708,-0.6660885361169271,0.008115380342371914,-0.5636881112261636,1.63133476467425
0.22192308757688906,1.0,1.0,0.08601577476485284,1.0,0.038120125041290365,-3.010115740786473
-0.02633626516585319,-0.9336918037966278,0.553814325693825,-1.0,0.1669242945588828,0.641252025615725,-1.33284458274946
-0.3194296933533505,-0.8230053127427981,-0.5031802709489046,0.030317369337917843,1.0,-0.5084140483426381,0.04043182113410215
-0.1541856507314181,-0.9963141943026153,-1.0,-1.0,0.9667294450412508,-0.46578821467810405,-3.288862623160105
-0.26040983536015205,-0.40169560264450277,-0.5954312166907713,-0.24865381838280726,-0.43943726157285834,0.3793503924069129,-0.03378760096171859
-0.5980524698780105,-0.5695436171596047,-0.7661765630667652,-0.9279726308017981,-1.0,-0.40025669167988875,0.28254467446854925
-1.0,-1.0,-1.0,-0.8341481655031389,0.49527513313719007,-1.0,3.9382868209253474
-1.0,-1.0,-0.20340086727782514,-0.9306652991653628,0.6119063197824273,1.0,-0.40471882382469515
-0.5996363196624364,-1.0,-0.2553354500003101,-1.0,0.706081416548548,-0.6074075079356472,2.4981487380259053
-1.0,-0.8056758951411855,-0.774133505965251,0.11283810104552561,-1.0,-0.8514125208553569,-1.040849127697026
1.0,1.0,1.0,1.0,1.0,-0.3658756565097787,-6.131503215716824
1.0,1.0,1.0,1.0,0.5260071450855355,-0.2679497580976289,-4.635444497188649
0.3871556611405235,-0.403119175822127,-0.5932551549634157,0.9869704677826423,-0.8639849069342482,-0.1763720769416628,1.323113449090516
-0.01196849269379549,-0.5399129441658272,-1.0,-1.0,-0.15367436104880247,-0.09497039195327095,-0.9622776539871889
-0.001230613258005664,-0.1661775979387814,-0.799546583146193,-0.5453813192913586,1.0,0.08839863763102085,0.12392804315872136
1.0,0.6080407468636475,1.0,1.0,1.0,1.0,-7.835439894362677
0.4592702459084463,-0.5964961239260693,-0.792353719316276,0.919031902808318,0.48985351120167814,-0.26819708032123246,-1.872021581371265
0.7150283941746174,1.0,1.0,0.2249883055621711,0.09162147700723489,0.17389792372017376,-3.1642474690280897
1.0,0.5419580757200677,0.3956431253388256,1.0,1.0,1.0,-0.1496402528930414
0.3871370459906678,-0.13868343807420586,0.32902009563545237,0.3899001680441345,0.7216749362563124,-0.22732086673086344,-1.424159034639258
-0.5566275428132507,0.6889563105853032,-0.44180131500495645,-0.2068407396533976,-0.5990575317070232,-1.0,0.9102226172444241
-0.5606972096338629,-0.4736463992305944,-0.0894670818399228,1.0,-1.0,-1.0,0.5140825020298696
-0.5002715838926646,-0.13947174425891584,0.3987845324336896,-0.27440113978960506,-0.19604103817603868,1.0,0.624802821656971
-0.41847572317882453,-0.14876474045534116,-0.6436524619608133,0.6529860639268921,0.2019823798858894,0.835622413840115,2.911868603632012
0.4707357596498321,-0.9554395772303719,0.7857154987161548,0.723499896438437,1.0,-0.25221766503613396,-0.5149198150613102
0.07155336538999729,-0.9947413964762548,-1.0,-0.01890150876503649,1.0,0.29390821740709394,-2.4018372883957424
0.2278871720515081,0.488039081054257,0.9190150764466867,1.0,-0.08815720554781559,-0.0994095967057268,-0.8672578615686792
0.33839957022266054,0.20490332415635026,1.0,0.9465691949310163,-0.24524539620452712,-0.857915430319352,2.026151502201868
1.0,1.0,0.8635685262391252,-0.5423339482874702,0.7901752068764969,1.0,-1.8795597779142508
-0.6836401165548626,-0.36949686123054337,-1.0,-0.6274594442348824,1.0,0.1902368247297106,-1.0952434702439713
0.8917801563498642,-0.608087014444189,-0.01834537627751387,0.613225314354412,1.0,1.0,0.8602237148061003
-1.0,-0.8117541143410449,-0.9749687666769031,0.21029869939634271,0.8086766556717211,0.6124557232188846,-0.4628553651884143
0.5868512687778624,0.36343506620998545,0.6542589843920277,1.0,0.6973446579285941,-0.24741805392935246,-1.7860863197992685
1.0,-0.08062773722814881,1.0,0.6649360889844105,0.08923099439713345,-1.0,3.0884010589856477
0.8599806088237312,-0.29489453205822613,-0.30991444445845623,0.331586607765922,0.5640095598520698,-1.0,2.1459996856074515
-0.12339195126161984,0.4128005569431334,0.33893310341835486,0.03962656091634209,1.0,0.3359953579335,0.198695695470339
0.9581639839768834,1.0,0.10900830193280298,1.0,-0.6615029976378036,-0.5574239202917137,6.177280947653685
0.5227347895580138,-1.0,1.0,0.6308852619549131,-0.28856777696879155,-0.3617038694355208,3.7302781698994436
0.7117858581079772,1.0,0.07454753839085976,1.0,0.7629187954393424,1.0,1.6943999358393915
0.6163866470038577,1.0,0.650049405793907,-0.3139451059223918,1.0,0.03449886027989457,-2.376621012854882
-0.044164242212776594,1.0,-0.5616622378803853,-0.5903767524569606,-0.43232506168701795,0.7338820975752702,5.903118252045162
-0.8861962103231682,-0.9564323776865029,0.901485462320367,-0.17724363719290914,-0.31082713766244896,-1.0,5.606657296733636
1.0,0.03000384065494055,0.3205037602366423,0.03373773757426557,1.0,1.0,-1.938517619487322
-1.0,-0.9898946812329901,-0.6457472245877853,-1.0,-0.10817142644625705,-0.9247029047993687,1.2171867500458076
1.0,1.0,0.40500138318975765,0.7536012210043758,-1.0,-0.635312427444932,6.021270283423231
0.34901508157373984,0.26600689158132584,-0.09541825353046862,0.7427581012561694,-1.0,0.1106107742630924,1.3397733900546254
0.8186698907750505,1.0,0.7890638497672486,0.7637351849341145,1.0,0.741629486877516,-6.527669623024346
-1.0,-1.0,-1.0,-1.0,-0.29250728448733176,-0.08196772911851358,-6.349217832018664
0.9747508775683869,-1.0,1.0,-0.8726127013319049,0.12364981759035543,0.46852915240759785,-1.011025836692669
0.933662691657255,0.645571896228627,1.0,0.8686366309359662,-0.6976184415310931,0.030159036364668323,1.7282497500015688
0.015346364359701381,-0.18897413198667423,0.8968547709340694,0.9205150374895578,-0.10505708052577249,-0.45435690798142286,0.24695808680976808
-1.0,0.2826053512084836,-0.6788279981234812,-0.186964976674528,1.0,0.8043467691584725,5.344295359549977
0.45821752938270666,0.6806721523041638,0.41556632727402565,1.0,-0.40627517454023565,-1.0,5.54807091439203
-1.0,-1.0,0.7996447377388506,1.0,1.0,0.5563305359916323,-0.8899299722794978
0.23464733949966254,-0.5501131728501953,-0.863322030674536,0.15689907917943963,0.30502190438301535,0.24405527644470043,-0.35038059106260727
-0.24827960513009906,-0.7149788790074989,-1.0,-0.27815885534415463,-0.6966205921094336,-0.7208528913383178,-0.595067439461234
-0.06860189885415174,-0.2018443767765951,-1.0,0.03377465308802857,-1.0,-0.49402222877336865,-1.099128128248467
-0.0004452706888491975,1.0,0.04449832687195021,-0.5183988362959049,1.0,0.49604993467579384,3.0221878775197233
-1.0,-0.15297497059672538,-0.056447602133157054,0.32309330059162544,1.0,-0.7167203764996369,4.625146710534851
-0.7575787605360367,-1.0,-0.41408989427156057,0.09063608962794042,0.10957002944413802,-0.6613127107033774,0.32514318683111887
0.7602422398127707,0.8326235080549006,1.0,0.7152018035918069,-0.1311887777051861,-1.0,1.8455740088292751
0.7226802778716525,0.7002662664588882,0.6020610706367416,-0.7487162492164063,-0.5801487487565571,-1.0,3.7705149307861476
0.3922975858180291,0.015213685196802162,0.22878371720965218,1.0,0.15363041079250805,0.7011509189473522,1.5772875047745487
0.9805908884992552,-0.2859072996370557,0.18673593868003202,-0.015583393730873946,-0.3062188571467912,-0.5215722786615852,2.48602406006406
-1.0,-0.5250328283733835,0.11581394029706282,0.5187116824018978,1.0,1.0,5.153721559167876
1.0,0.0826574166922879,0.48519540307653947,0.8032439604837167,-1.0,-0.22571384107043535,3.983913665952469
0.17629845212071066,0.3686245144570983,0.18761474283180304,-0.8346088012286642,0.2317497523903388,0.5947801054314443,2.157272175053291
0.9105083821291475,1.0,1.0,0.8271548542025453,0.7571738116538461,0.42696524784208834,-6.84093912447753
0.10143988532653492,-1.0,-0.1143454003321499,-0.6964660328443453,0.465890799219144,-0.12785717140634728,0.3588178457923333
-0.6391537760317472,-0.9218472246667435,0.3559123439405847,-0.31797554610106876,1.0,0.30309710935519996,1.6689704794395182
-0.5577490487461843,1.0,-0.5804511417145019,1.0,0.6796678426879115,0.16985616153484895,1.383284873270075
1.0,1.0,1.0,1.0,0.764654765041977,0.08956284773535139,-6.429052858904721
0.6589847065193589,0.13463436857447997,0.12319511898365487,0.54437536045965,0.2463524301525175,0.08153861420649378,-0.9944635461811892
-1.0,-1.0,-1.0,-1.0,-1.0,1.0,2.9750831998823277
-0.3174320769115921,0.18458556020490013,-0.23799766040404868,0.018461799677007024,-0.8970579677439647,-1.0,-0.2019185599722068
-0.8922936684599752,-0.8739452017455147,-1.0,-0.4845475039101834,0.11488729624213939,-0.696189389771122,0.09555052776080511
0.9811257941938913,0.09655080835717389,1.0,0.01563890714489985,0.534723037776691,0.5776565156993609,-2.8086660815637234
0.7303848503486341,1.0,0.9930293517433378,1.0,-0.3978331594725534,0.5171533574011757,-1.3938532750605124
0.8676348707992165,0.6788901512336992,-0.34400062233210776,-0.08811816803404685,0.5384157942679445,0.4191953095489693,-0.017905963823376475
-1.0,-0.21106507900418725,0.06774937779997647,-0.46688026962825163,-0.7739278153940854,-1.0,0.1699980071386889
-0.5429656069638824,-1.0,0.5159962965744971,-0.4309562257772367,1.0,1.0,1.9186804454726325
-1.0,-1.0,-1.0,-1.0,0.09394188534797193,-0.16239915691781331,-6.667382400015294
-1.0,0.2464562383496902,1.0,1.0,-0.712487052405115,-0.29043040951914484,-2.6338530118154257
-0.6901703408062115,-1.0,-0.07552887526327173,-0.6553162903232689,0.18738471294354575,-0.8323154956047097,3.6200479956138336
0.08646978337970596,0.42250814493524114,-0.6884965947886954,-0.5484691489800299,0.5361468753253378,1.0,5.142082491287615
-1.0,-0.5845459854775168,0.4836345085055851,-0.40316189339592556,0.9015790191313602,0.7069929621593952,1.8617626304476844
1.0,0.2468478828841653,-0.8443445961976422,-0.2323222807640929,0.9315607863829946,1.0,1.124554827115514
-0.709212063205534,0.6946817565699324,0.3015063464545525,1.0,0.9631508461462654,0.33985679808367475,1.0221056469920704
-0.328447892514543,-0.6409406514343647,-0.6702869646767797,-0.2199394007280584,-0.8682506713935927,-1.0,1.842765626256432
1.0,0.06239305698304265,0.05489983000116694,0.7549347858381541,-0.512473757209362,-1.0,6.703089712652808
-1.0,0.7842052336909633,0.9327034592109662,-0.8429372072388882,-0.9466851794109431,-0.7450012236370138,-4.504640760186008
1.0,1.0,1.0,0.6381539200749706,0.3916535669277186,0.2649737621559116,-3.979496052590944
-1.0,-1.0,-0.9746382032867698,0.49125642746799025,0.5877841797896423,-0.5780395511074664,-2.291755129370427
0.7041445974863542,0.2952683662522465,1.0,0.5703483851564763,-1.0,-0.14145373400111683,2.55245556195395
0.1940337949898973,-0.6386093054898694,0.6882300418403186,-0.009137015267746743,0.09738636732197142,0.9126802864353503,0.3019078763974893
-0.5728414426226325,-1.0,0.6486314645018908,-1.0,0.8040331897336102,0.45805503683438337,-0.00203756433506036
0.6114005055978011,0.26013363621149854,1.0,0.9702022714128842,1.0,0.21342849044458712,-3.631027696660659
-1.0,-0.644887067106444,-1.0,-1.0,-0.08409202602051524,0.0362812186846104,-3.126840582993791
-0.4120653401421359,-0.45668512034676595,0.7852645593849537,0.21950814174445732,-0.22193727304526423,0.8390941206701825,-2.4653613104821064
-1.0,-0.16803301990121589,-0.4654305224379848,-0.8672805027079721,-0.6297526866202454,-1.0,1.5036952259879506
0.36845874013044927,-0.17748871629987206,-0.03705580891383098,0.21568523587796062,0.3049197527265637,0.6650264023126025,0.2231671986033012
0.9276492109046777,0.9284435266255483,1.0,-0.9443460731387063,-0.2722438850146078,0.6436278965286485,-0.9451455763467268
0.3069280862536963,-0.003466612753871501,0.6727059701735206,0.5748991632798999,-0.6426322451523738,0.13779604266847262,-0.01012015988770143
-0.43070848978418386,-0.3992304866601885,-0.4684476571089532,-0.3365056636674409,0.354387204323253,0.15991826316049718,0.13257826605895867
0.43237588498836127,-0.43912091077691584,-1.0,0.0794550526738152,-0.08278939788127176,1.0,4.401292539223033
0.551561168414239,-0.657268355945143,-1.0,0.3602782205695476,0.31932899174549234,-1.0,1.275844701546443
-0.7091445110489905,1.0,-0.08359765269280256,0.8630711229955813,0.670863116257965,-0.1564180378071957,0.28015311032304946
-1.0,-0.602742771589083,-1.0,-1.0,1.0,0.3338410339437895,-3.343128144949468
0.2717323054970825,0.3331257418029783,0.553834711203944,-0.0388782017766055,1.0,0.0958747980414062,-0.3857977961532531
-0.481217970422197,1.0,0.6773691780968393,-1.0,0.41131525013791326,-0.4576538641613647,-3.5325690649614625
1.0,-0.3486910823153058,0.15444550046999495,0.411414571751033,-1.0,0.6283125015140677,3.360436574650739
-1.0,-0.36638952788330786,-0.6590256356312896,-0.2852115944141137,-0.9312097450087257,0.3528701025548751,-2.2179990412165442
-1.0,-0.02324909969437927,-1.0,-1.0,-0.019339583390436038,0.25120064683475585,-0.47076352645020636
1.0,0.7777893012573887,0.47802086621690726,-0.39798357782246296,0.2324120061282775,1.0,0.4740055008470836
0.8139358840452513,0.7898498617529797,1.0,1.0,-0.1373709799583639,0.8273426774043372,-3.187226343089097
-0.43861239151745113,-1.0,-0.03151980643090975,-1.0,0.13310100238968392,-0.5992136586509587,1.8178180817758016
-0.022729200827090762,0.38188311468597064,-0.9369530366705239,0.14608059582284996,-1.0,-0.8117288192450705,1.0055240750283503
-0.6350999980337254,-0.004860884502809026,0.5488165002648395,0.5749928834583888,-0.6675268521993014,-0.23713264523947064,-0.7685334044788679
-1.0,-1.0,-0.10756651587398836,-0.26182018682269215,-1.0,-0.10385016188995028,-0.615166149479611
0.4706787586691492,0.4348352094182974,-0.5930643159395388,0.2749596655423627,0.6188973733136596,-0.018541378543923345,-0.954841022573629
0.23992216894367324,0.08445886694286081,1.0,1.0,1.0,1.0,-1.1726923588462528
-0.5893341755506221,0.8225936316320097,0.0326774131078717,-0.9372585641221463,0.1275789132127232,-0.11553202001331075,-0.31495171636808983
-0.5190861614228766,-0.23049232984009493,-0.6191291610225447,0.1426779905834989,-0.21463629846871377,-0.564014547080466,0.5085629848111549
-0.2294936062927344,-0.24734844841201742,-1.0,-0.3386903142345421,1.0,0.823488376862713,4.050827975711953
1.0,0.6247566523624255,0.34234021407004467,-0.3543726055154429,1.0,0.12565608538953787,-2.741260312451599
0.09564645286230186,-0.44580667057272305,-0.2438508989888566,-0.35802503882372094,0.966129867189694,-0.3040066473370484,0.38087849224827347
-0.24938599657116328,-0.31882533760619897,-0.4473574806560049,0.16745134263425565,0.24215567917413994,0.8957325221160555,3.3802692148932927
1.0,-0.001647950787650454,0.5287740268422302,0.68688885977154,-1.0,-1.0,9.797622282474562
0.7301749947366314,0.685926149677403,1.0,0.7671223872418507,-1.0,-1.0,4.7296211473565455
-0.6596022628759461,-0.07637200554965684,-1.0,-1.0,-0.21008322753170683,0.48476376748961125,0.19305156906907214
-0.4915856212489369,-1.0,-1.0,-1.0,-0.09471428074372952,1.0,-0.2347093949660058
-0.9574223481399107,0.7454357695539656,1.0,-0.4024457280490217,-0.017659254618727416,-0.439938551255591,-0.9579823814312279
0.25936358068368603,1.0,1.0,1.0,0.7809683852898966,-0.24847788115957947,-5.321114339499275
0.2635392218431136,-0.705994309957402,-0.945642348380918,0.5405173188891711,-0.3401949242844788,0.8760283999259606,3.275882291715492
0.2040188526063882,0.2643597187920762,-0.4864058016874131,-0.32424465688385895,1.0,0.4438404675587437,1.3367923765972307
0.16392454665685552,1.0,0.27753739078506795,1.0,0.023280265599846084,1.0,0.6788409217543235
-0.10908317637591608,0.06393516184409553,0.4535287668679386,-0.744028701339438,0.8495003191311012,0.5420754918725259,0.9018379648882737
-0.9494769145223889,-0.9726537663100439,0.1221518778323869,-1.0,0.6727579217580137,1.0,0.7869889527404887
1.0,0.17657834240520404,0.9171797406849715,-0.7934585623561621,-0.39956200539549613,0.08949817357924844,2.002464118336794
0.4662826489192595,1.0,0.8113801773529199,1.0,0.3744477826700463,-0.029626290404884126,-3.405790574047774
0.9540428339122802,0.7272454875138366,1.0,-0.023755298946766923,0.2548144736872934,-0.43935574835787616,-0.1652312323846073
0.3413793037209858,1.0,0.5380564153054628,0.6086182483985101,-0.2710837201411788,0.9960144330384839,0.6612064496732363
0.6316561650646602,1.0,0.9233983543167256,1.0,1.0,0.07627161026914453,-7.300250464541576
0.48890643620371527,0.41709120634499225,1.0,1.0,-0.15108256526308494,-0.501076082670423,0.2787949144271158
-0.21642642480819596,0.224007833357739,1.0,0.5226682306078695,0.9282502621332225,0.6721753645968818,-0.9016366412758765
1.0,-0.6044452923894822,1.0,0.839261489396797,0.5074766984967094,1.0,-3.596167017196862
1.0,0.4553049486821319,1.0,1.0,0.4241537121279423,-0.3707426409845861,-2.085791323909898
-0.29588929115555396,-1.0,-1.0,-1.0,0.35006274856141717,1.0,-0.8194101803090375
0.08231772102460222,-0.03636354395975727,-0.9203694276075849,-0.39470523758186093,0.7365950528246162,0.8181459796516168,3.566205554556345
-0.25942378516762865,0.5554691235121072,0.09942592475422538,1.0,0.16792722209704203,-0.06269475176109796,0.12159821134476113
0.39152348220420796,-0.9149077181361982,-0.8952269763598915,-1.0,0.6221956962676681,0.6176341037478812,-4.089051272008553
1.0,1.0,0.5251447940463212,0.7265460215615114,-0.22938423410712322,0.8357623538930787,-0.03650940631385918
1.0,1.0,0.25696492510308233,1.0,0.19765155357897746,0.6822761757917883,-0.6501084019479563
0.7853607044720414,0.0698506054677388,1.0,0.1831962159215379,-0.34772828030285724,0.07954674648135752,1.7677552682680098
-1.0,-0.6949672710661745,0.6577680162236667,0.6248943218417999,0.43346512350950167,0.33883888381702737,-0.06445807153826508
-1.0,-1.0,-0.8179937409502964,-1.0,-1.0,-0.014954057410958344,-1.7939327816488113
-0.36901941000348026,-0.20791538710345664,-0.852051948140369,0.10272074655541076,-1.0,-0.9546732684232511,0.1532510019971056
0.7446755166291115,0.46100558434584515,1.0,1.0,-0.12898952029154276,0.3253632486635195,-2.2607392670553836
-0.5483659430246874,-0.23232779394263303,-0.3919409851068845,-0.7634242990973223,-0.6939919816997037,-1.0,2.014963749369877
-0.6043939231343027,-0.03665061003859926,-0.9419633158153458,-0.43628768130786477,0.4590668657981527,-0.37942733764289477,0.9153562516518172
-1.0,-1.0,-0.9438810519157788,-0.16163288269046472,-0.5206520927780706,-0.3301538541845619,-5.237895284370334
0.6311102769563962,-0.38990071443979013,0.6480534944026535,-0.29971398234194546,0.8028635731597119,-1.0,1.4104737636560771
-1.0,-0.18029398246945016,-1.0,0.32939075339407586,0.18972610034017806,-0.29459710152886504,-0.7924397554479153
1.0,1.0,1.0,0.8699543400608987,0.6549679486034434,0.003054099843942046,-5.769767148182068
-0.3433854946357793,-0.02568405491280723,-0.8403521448743482,-0.8083275071122256,-0.33865475183639493,-1.0,2.1418044635080067
-1.0,-0.3635982701867469,1.0,0.3983655106796016,-1.0,0.7534572804057551,-6.54427302874248
-0.8207100431481095,0.19803263173555224,1.0,-0.769164651126101,0.39667317807948,1.0,-2.136469138472882
1.0,-0.07106988750585047,-0.04357515049440486,-0.4774146907714023,-1.0,-0.4414729543813145,4.240586164729447
-0.6043214738385201,-1.0,-0.5985108775398145,-1.0,1.0,-0.06207199317488844,-1.6394733845668399
0.8539607848946573,-0.24005829924604083,-0.08181393020227423,-0.09395061625357931,1.0,0.5578270513843722,-2.5996000837160036
-0.6911284368291841,0.9683197813378012,-0.12327676428156503,1.0,1.0,0.9715927875538697,5.747654131497037
-0.4364449092028264,-1.0,-0.05931792009750586,-0.45328979772613787,0.3836442429083464,-0.8657012642768641,4.396775356762867
0.1559055692359368,0.8029848405220166,1.0,0.9392648935379266,-0.9600463638187124,-0.7501094643736845,0.9405076093618596
1.0,0.6106041567382554,0.4507450712369538,-0.14297433301661433,-1.0,-0.49439572081237126,4.207670551987246
-0.4851760254192249,-0.4491700956959166,-0.5357661950852426,-1.0,0.19177379444798015,-0.615189493788643,1.6032819474744047
0.33636149079575406,-0.20292729653807468,-0.6606411144258345,0.5896680898049756,-0.36683900453024876,-0.5917974985002763,1.281565598567354
-0.16102024003053494,-1.0,-1.0,-0.711755169667057,0.5358138822889559,1.0,0.4940727760350441
-0.548401923187454,-0.3213855726945525,0.7849311500831003,-0.10452080540761469,-1.0,-1.0,-0.30319463384935547
0.9333713225415474,0.39431611340363953,-0.15282983359879526,0.04450769995426798,-0.8066013130664922,-0.34000214391823813,2.579193886547426
1.0,1.0,-1.0,0.729828175133529,1.0,1.0,0.8035137752515451
-1.0,-1.0,-1.0,-1.0,-0.6846852336569151,-1.0,3.899715107282785
1.0,-0.5482775929974499,0.6920012877316033,-0.005839154251921885,-0.04134384947718006,-0.09460441737682035,0.9622568753476344
0.9218374134089421,1.0,1.0,1.0,-0.6058443495403999,0.9369809329119825,-0.6784233494986942
1.0,0.6831631540050338,1.0,-0.14559573462223915,-0.42877874973822866,-1.0,3.802207688390331
-0.7611220862637111,-0.613076477557827,-0.21952758806668843,-0.9197625619525085,1.0,1.0,4.2392811330472995
-0.5367476714886144,-1.0,-1.0,0.8651915938081364,0.4387764110825521,-0.6211865743360457,-3.8759125617312886
-1.0,-1.0,-0.1719567865681897,-1.0,1.0,1.0,2.071407697937855
0.7536455584507344,0.4065793249202472,0.1453141722059632,0.5964321307193299,-1.0,0.6514099426478194,3.326407957899062
1.0,0.6593575683788437,0.10264211975002807,-0.9450117187160404,-0.476180154311739,0.39206577327110015,3.2990572396599833
0.5774400327532182,-0.28429671697521247,0.7144979782377892,0.3217802452558659,-0.914495213323544,-0.5695522425133797,3.497317534739178
-0.3300636999307158,0.13695648114507886,-1.0,0.1805045039711431,0.534471817081295,0.29441918193370364,1.1346818090511996
1.0,0.22680586726943042,1.0,0.9436623768334111,-0.27929916078760697,-1.0,4.7186191286809684
0.6092260499609066,0.657309321432267,0.4852476261995447,-0.8100796359413335,0.9078542585669199,0.9623782670000799,3.235308058757972
-0.23307389664788147,1.0,0.4701776622243818,0.4201060518831193,-0.5584972483054362,-0.017811609439864595,-1.2424061929678851
-0.1667562621222204,-1.0,-1.0,-1.0,-0.6214721374415254,-1.0,4.29862143376188
1.0,1.0,1.0,0.5158967761052964,-1.0,0.5011042224377451,0.9868860497387097
0.23582374238518966,0.28366741491925707,0.9387024537966625,1.0,0.37643264681313815,-0.5643970996714625,-0.9663218872983899
0.5269907784596259,-0.40497638194211544,0.5483197698166804,0.6936999559424888,-0.04823653177170828,-1.0,4.562709986893502
-1.0,-1.0,-0.3205888834366093,-0.8940212354459214,-0.3354875346381174,-0.8362171166138765,1.5494024398435422
0.6622780705325154,0.008742528014668571,-0.6176763871363179,1.0,-0.414624550063037,-1.0,3.2940274614772345
-1.0,-1.0,-0.9619277503780308,-1.0,-0.6194165000174205,-1.0,2.9806350092331804
-1.0,-1.0,0.9693359613015494,0.795484410050633,1.0,1.0,0.5207563508362967
0.7250862746902433,0.6965685598779621,0.8338483475864538,1.0,-0.7863686206651203,-1.0,6.047533631609233
-1.0,-0.5275845423403042,-0.9849922632617985,-1.0,1.0,1.0,5.6677636124668656
-0.27753825424209744,0.2396323703165574,-0.5067938941172763,0.45018062083848037,-0.10773789549616158,-0.6220808277423163,0.344948994438544
-1.0,-0.4312512245371034,-1.0,0.1373345559688116,0.9670257607171114,0.1730094597248888,-1.2206537993618125
-0.1132057105979265,1.0,1.0,0.37289183453901864,0.36664630927876074,1.0,-2.556233535893612
1.0,0.23870521199374017,0.33916449409079774,0.851051207115828,-1.0,-1.0,9.248082554412534
0.08211601013596548,1.0,0.759016286948566,0.302462243949879,0.3896905152972929,-0.040004916652603195,-2.1207396598911785
-1.0,-0.02976224365987991,0.6617573269598055,-0.40313070745525215,0.1651933623325137,0.25747767136872524,-0.5203650667482292
1.0,0.2787510130527216,1.0,1.0,0.37997350795274726,-0.951845964251705,-0.0934578152284038
1.0,0.8472298539600996,1.0,-0.5273516090976871,-0.8539817457906922,-0.638543673587715,2.6749046332931052
0.8729729142308799,0.7913622875659324,-1.0,-0.0429591428955447,-0.4988584178752895,0.97835142811895,8.655471116978257
-0.35732547578181195,0.9589334898171871,-0.6758717778535708,-0.12015182211085818,-0.7840586827658724,-0.7081308688178218,0.85137270178966
-1.0,0.013506597360787853,-0.36801043376981823,-1.0,-0.0027348693414658287,0.4098318457506456,0.11385056134491067
-0.6654568475611907,1.0,0.012174474800453527,0.967688903157881,0.9909476462096631,-0.03460963731841016,1.3876784504586306
-0.7745886081163246,0.5391966217797494,-0.7044604436979209,-1.0,-0.27923837660968676,0.21298283640257598,-0.3974558472531532
0.6640982387101512,-1.0,-0.12413340211804913,-0.33925434787253567,-0.9284925680988367,-0.5069417461839987,5.269972757037796
-0.04748530718552035,-0.2670484593178891,0.2463003137809584,-0.49701242568828463,0.4662785318007427,0.13130878400187074,-0.5759315216925361
0.5256481727943992,0.010141012701798235,0.2766621489829053,-0.20796136726836176,0.7969056965505492,0.03486817009359866,-1.8984785343600261
0.18793429274459172,-0.36547495795532076,-0.6429048515496696,0.07629626812611566,0.06778479958628936,-0.2040245708711459,0.9263148914690963
1.0,0.5549315287859626,1.0,0.008994391956314463,-0.06666169495300955,1.0,-1.4661807154900586
-0.8223238203176325,-0.8271045588197181,0.9484764474730589,0.5608011961748813,-1.0,-0.4095569743208012,-0.9609771525385534
0.8726616402860895,-0.17125431802818936,-0.5987556024346127,-0.28221036878423456,1.0,1.0,-0.14644396735128057
0.042011790424799855,-0.03825254660106192,1.0,1.0,-0.29607265246184455,-1.0,1.5080456930181918
0.04497658472366556,1.0,-0.30668622960443404,-0.039772326583125794,-0.8665072911660148,-1.0,0.07369964036688459
1.0,0.6856119318773268,0.1884461022836772,0.9403654275905777,-0.5893847953135458,-0.6156521786155612,5.410947062127333
0.00577467600400805,0.05956379740009321,-0.03138926148434951,-0.31340922268277893,1.0,0.3198601852802444,0.49607759022817205
1.0,1.0,0.18883871204242825,0.7039011428163804,0.582709108407701,1.0,0.36295489289489913
0.26619740537141956,0.8017205820959741,1.0,1.0,1.0,1.0,-5.060107749065843
-1.0,-1.0,-1.0,-0.7974606942234148,-0.14728379866154462,0.28487591112836913,-6.024936272826233
0.6808163580068607,1.0,0.7523620473314705,0.6465382220314339,-1.0,-1.0,3.820764606306367
-1.0,0.15252774210431141,-0.6654833809744072,-0.8521587645360875,-0.9909548855499242,-0.3065259499805495,-2.255902275591855
1.0,0.305928979745133,1.0,1.0,0.18247510781121368,0.47917374471263874,-2.10925695771694
1.0,0.5886158028967746,0.8318657307829616,0.9150694927073484,1.0,0.6279514076195193,-5.871400796739047
1.0,-0.5624912969697546,1.0,0.7132049535105073,0.4112493660876171,-0.45062345119430636,0.25805754093218813
-0.37591659510480957,-1.0,-1.0,-0.8763724747234959,0.8117991018665676,0.4374758763705558,-4.082855825782005
0.6600861388290983,0.04207266027971035,0.4834379487101381,0.3605229480147243,-1.0,-1.0,5.479096478240524
0.4559270011361487,1.0,0.4249901773691204,0.6835413302790795,-1.0,-0.4479269529273151,1.5968930189277586
-1.0,-1.0,-0.8543064836397594,-0.27379120265393686,-0.042338832910683966,-0.15518048892880754,-2.9548594250119784
1.0,0.37966972942724597,1.0,0.5019217142955898,0.6326276047777936,-0.19935992041548578,-1.3369929364059017
1.0,-0.03666825751068947,0.8348183863237535,1.0,0.8102214684629319,0.4213175312637961,-4.854524813047482
-0.03576088321346525,-0.9578976299212612,0.050954196751156866,-0.16437243763750553,0.7004330791164909,-0.5503207299318184,2.0587687964832195
0.9499676593022081,1.0,-0.2545895427029751,0.16319163900991324,0.33275640534740303,1.0,3.8256314446491637
-0.6025668141606275,-0.05754759717809699,-1.0,-1.0,-0.42621088736791946,0.19336180887302135,-1.4145814459255717
-0.8242539001171127,-1.0,-0.7493025414293726,-0.5198630995481929,-1.0,-1.0,0.8885525471000696
-0.4421112344156106,-0.3819147615147246,0.4956436415242224,0.3412984550280549,-0.3125032322496064,-0.3969477345491832,-0.07562753856309568
-1.0,-1.0,-0.8514375370229459,-1.0,1.0,1.0,-0.07319222211452925
0.9675570591365046,0.7059382637188869,1.0,0.9834517104393996,-1.0,-1.0,8.341402063071572
-0.6321302483165945,-1.0,-1.0,-0.09183468619659166,0.5297724765503904,-0.38149548714884807,-1.8954859342681056
-0.24052018560376484,0.5223243784519951,-1.0,-1.0,0.1927790677325718,0.1283714109897769,0.9061474523731385
1.0,-0.3614603072326317,0.2663063218773445,1.0,1.0,0.7264305315637845,-1.100652267972236
-0.7960693228357955,0.2379556919856473,-0.06998091571935933,-0.8839873062665093,0.0018900891636670636,-1.0,1.5297995809064546
-0.49956677037593333,-1.0,-0.2156638333511407,-1.0,-1.0,-0.42263050964383453,4.575733057852185
-1.0,-0.211277390772953,1.0,0.5662979503431157,1.0,-0.3331430503665478,-0.2985487906143202
-0.14547001104502913,1.0,-1.0,1.0,1.0,0.114285754228965,-0.7664740230591534
1.0,-0.06197384083791435,0.6348442606018558,-0.8175079490849569,1.0,-0.0203219939007096,-2.1609581145132424
0.30071979849165853,-0.07216507927489535,0.1924945744563744,0.461692612449889,0.19497565681316503,-0.02929836760493021,-0.14336445066849582
0.6961237795730959,0.4570242564719387,1.0,-0.36081076865379114,-0.41953453471963065,0.7782369656011822,0.08972947455240785
-0.5129297335466712,-0.5916704493125573,-0.7175752673225504,-1.0,-0.03635599860534189,-0.07515138194250914,-1.635493905264323
0.6406876877565674,-0.21527463714463038,0.17801427033603034,1.0,-1.0,0.16374855627692386,2.763861935553554
0.4523188941208848,-0.9150497919900151,-0.7707373709791756,-0.4698372749074722,0.9048814112641821,-0.3050051852558171,-2.9591822906585232
0.3402363428281481,0.6082149684283404,-0.477969711371341,1.0,-0.43491461347734495,-0.5308381574704799,1.4987747526801682
-0.6610079200811619,-0.1597468689189082,-1.0,0.05252583662619409,-0.8509686797679614,-1.0,1.8092338510960455
0.2726270426439147,-1.0,1.0,-0.4033530041872177,-0.8395282379633104,-0.08491539120585916,5.868424169709634
0.7348717883229501,0.5411371495977566,0.5460577113861296,0.9141816411567061,0.2967512337582243,-0.13465829466279444,-0.8900369496808433
-1.0,1.0,0.7783731415936872,1.0,0.03192707654003013,-1.0,-0.8532170362612792
-1.0,-0.36673798457850804,-0.4035105603406566,-0.7717134666225995,-0.9138299045570787,-0.4766004092552957,-0.40994171549340985
-0.2063892923259807,-1.0,-1.0,-1.0,0.15210507355918657,-0.4517733006123339,-3.128747765089108
-1.0,-0.9579964420657265,-0.056180134815943084,1.0,0.27898813504670866,-1.0,1.2397050000942538
1.0,0.04768577176668898,1.0,1.0,0.998679586478489,0.9497142663568984,-7.132841322577929
0.8180853325536365,-0.5807687528076282,0.4732450951039071,-0.06455878475795185,-0.2938890359915035,1.0,2.970611727060924
-0.0018009182075162666,-0.06665435621618476,-0.495571996909543,0.14788614016142776,-1.0,-0.37937594713775935,-0.9585555811422115
-0.475197812984501,-0.8575147754266235,0.23935870228383418,-0.6357794423636339,-0.3925496019944688,0.0979928825707651,-0.07281137825371928
-1.0,-0.8165073344422077,-0.9347741787778767,-1.0,-0.8977714025101622,-1.0,3.132929134967646
-0.10008898001380345,-0.1957018849883403,-1.0,-0.19654147159707613,-0.7376235613885034,0.2020265233529108,-0.2429620954036204
-1.0,0.3463320455875592,0.17521963974148735,-1.0,-0.5667152731675456,-0.7434819496335103,-1.5812145381114715
-0.6653573673724663,1.0,0.4220807313649343,0.017665748324297126,0.37868569584043077,0.013829795990445204,-0.3655846833141126
0.46656086394925067,0.6002625700400863,-1.0,-1.0,1.0,0.7377760548319565,3.9081014320369927
1.0,0.3755917266866631,0.6983159922592435,1.0,0.6771920986299579,0.16957021134933356,-3.1642574645854964
-1.0,-0.47302618867940005,-0.7239312256816366,-1.0,-0.8641273616150251,0.564509999494732,-0.5684316087139714
0.9046361396288795,0.7922390204627986,0.4072111883269781,-0.6049961209967665,0.16332854680793302,-1.0,2.4799336100526035
-0.6872613729716093,0.2943860839122366,-0.5652012648227625,-0.4927459747586609,-1.0,-0.18878204176192503,-1.5744194362195958
0.5129730985788308,-0.43180161217426516,0.7895348439559497,0.5014115225714313,-0.816891350400184,1.0,2.189838473420723
0.19665788761298378,0.20817929002663793,1.0,0.34077031913081246,1.0,1.0,-1.1806079371062326
0.49820259903631264,0.22134363889679787,-0.9407990307871452,0.6812293716164042,-1.0,-0.8528479732742723,1.411505975980814
-0.02737938316081534,-0.26782904882797254,-1.0,-0.8020531125530876,-0.8698767134020146,0.14175156081694829,0.6258568205509754
0.9208644796946458,-0.6486184395182436,0.04572733735560136,0.12417008360158172,-0.08416652526456003,0.045209679758565935,0.02139070182301034
-0.24239033012631972,0.24466390952921857,-0.5453494766460367,0.20088135972941185,1.0,0.2194261925189418,-0.18964065615878178
-1.0,-0.9388762123418559,-1.0,-0.31447980340878945,0.656923157618027,-0.15996410839183534,-2.9848406653271766
-0.9811087005460538,0.2908929879805077,-1.0,-1.0,0.9096673047180133,0.5036262265836329,3.3239250379492096
0.2210382651470111,1.0,1.0,0.4520931408720972,1.0,-0.02397535285347166,-3.538175595951866
-0.20308145897627794,-1.0,-0.43771710743086895,0.03829987310932198,0.16616575406122058,0.08852130331001545,-0.9522407467011602
-0.5042126844326332,-0.2179519102235005,-1.0,-1.0,-1.0,-1.0,1.4073924893585326
0.08155683337872732,0.3585608345530562,0.6636026618497975,1.0,0.21292017778042827,1.0,-0.25891800742562504
-0.15264243363814356,-0.37709868642515343,0.3051584125169901,-0.9055210203326916,-0.12071117946979265,-1.0,4.19626313253551
0.02304464985645177,1.0,-0.458619498663729,1.0,-0.016368553407686337,-0.14853465793705628,0.9238011600647421
-0.3876435596826561,-0.8652557995553581,-0.7365335323945638,-0.6933635527858022,-0.0702826357651194,-0.7371270207580802,0.5154629265583841
0.5220733939305537,0.3998363334274423,-0.6916949432851436,-1.0,-0.411697546216674,-1.0,0.7706830209583067
0.23012001425319573,0.12000587326017231,1.0,1.0,0.894469882569581,0.4388555366536575,-1.908722823827053
0.3091550273917574,0.9055708250104177,0.6461108554776767,1.0,0.1816299320311595,-1.0,1.358626775039446
1.0,0.2338679858275694,1.0,0.06410950055026698,0.23092990382598572,-1.0,2.4680558066452165
1.0,0.32350646655957127,0.8619184896193393,0.4342366639451339,-1.0,-1.0,7.619579346987356
1.0,0.9841138302087085,0.17893501487450533,-0.11373571717676734,0.4874610790995432,-0.6638086295925696,-0.9504475903700795
0.22511080100404846,0.6846970348054964,1.0,-0.09116734003305471,-0.25547265622771864,-1.0,0.5667192228489342
0.9057213202152422,-1.0,0.12024307067468487,-1.0,0.23810550002086428,-1.0,9.332546072892903
-1.0,-1.0,1.0,0.9381717520760697,0.7582249646079908,-0.8861817911278086,3.2115034660351967
0.2936660913138436,0.9636897217696994,0.7205765435151856,0.7985833573304538,-0.8488405640636887,-1.0,3.945866573485478
0.2674309068874203,0.8188725323101871,0.3654824057616102,1.0,1.0,0.44548708489778854,-1.5360071629615006
0.1685051248905678,-0.9399317649745427,0.6699491240322025,-1.0,0.10415550197807233,1.0,-1.1858347247511127
-1.0,-0.40833527920943236,-1.0,-0.5800938486770257,-1.0,-0.5325320309390734,-2.0111096430927216
0.2338951217025924,1.0,0.08334939094588201,0.592119196596411,0.7203571956532608,0.8193251501165508,1.873054144434756
-0.7624778361888536,0.07364058877989224,0.9859452913905717,0.5069861038190232,-0.5431413794464753,0.7461418401443016,-2.5686744622683437
-0.3157762012607942,-1.0,-1.0,0.3826213629705799,-0.17153530932048705,1.0,3.0750806471751657
-0.7926741075041517,-0.7318177796188892,0.0943748808876882,-1.0,-0.11881880855762905,1.0,-1.199483529190219
-0.9157373364462043,-0.028321085184005446,-0.7250232739405231,-1.0,1.0,-0.16481723520390257,1.2753520628146575
-1.0,-0.7943873157972967,1.0,-0.3693639844085749,-0.901174592663091,-0.5808312553296504,0.523557543250606
-0.1755001397209012,0.8203396576676113,-0.06324709999572892,0.8866935652991809,-0.30927359139682675,-1.0,2.7024366838474325
0.6539278703591871,0.4312123668994927,-0.18504787676535922,-0.437279517271643,0.7920940704561157,-0.16886949335058998,-0.1522065150232459
1.0,1.0,1.0,0.5561413702376423,1.0,0.9474911579149344,-7.919455936900634
-1.0,-0.5429408086382648,1.0,-0.5155953980272874,-1.0,-0.4606034706657186,-0.5921889652039259
-0.5185831518525773,-0.16730435655205822,0.8114734014362329,-1.0,-0.5043354454962627,-0.002838731313071219,-0.4560045444201073
-0.7407448128536648,-1.0,-0.71771669274893,0.531022927087917,-1.0,-1.0,-1.6256058114050997
-0.024641797405816845,-1.0,-1.0,-0.9411576833945927,-0.7299360613310997,-0.7431775334349948,1.7434329327639777
0.3858592463011137,1.0,1.0,1.0,-0.7379222808806597,-0.47815958206149245,0.4332220571108778
-0.37922874330587186,-0.8194995130440828,-1.0,-0.9066281467834492,1.0,-1.0,3.216381808653638
-0.4859904825909551,-1.0,-0.06702241271841425,-1.0,-0.4982396935296195,-0.7270883119125471,3.74166023741598
0.29359624875793333,0.17431766925047948,-0.6965119400272026,0.250694610547863,0.828022580564056,1.0,3.7824199524623516
0.03457719436702611,0.5370979690237208,0.026203684279642037,1.0,0.3603696697409276,-0.3133956003306679,0.2680786301196587
1.0,-0.3475238248580769,-0.054217855546981164,-1.0,0.22788955450112502,1.0,0.7212325476256103
-0.6311977940769307,-0.24959936409283645,-1.0,0.6263255178635947,-1.0,-1.0,0.6572681788177215
-1.0,-0.8803937309596498,-1.0,-1.0,-1.0,0.5584299181276347,-1.4297120877242555
-0.9708633813353129,0.19372778888944603,1.0,0.5507914879845672,-1.0,-0.9692517316898477,-1.7817857691104035
0.3167215575158868,-0.8563481405586133,0.21221197301667916,-1.0,-0.11298600274514087,0.8005213888294991,-0.2422019870745341
-1.0,-0.5017412766945524,-1.0,-0.915726127066846,-0.23861424075882576,-1.0,5.684285084189679
-1.0,0.10672731226626592,0.11889758869966305,-0.7800001721191978,-0.050500301927365765,-0.5799639809165942,0.06158190565063082
-0.07992567593692027,-1.0,0.48807187494429494,0.6728518107092439,-0.6476701584208266,-1.0,4.59917884635589
-1.0,-0.8411860478245332,-0.7901915824644048,-1.0,-0.6628417798011255,-0.9459794222392159,3.0106746616021076
-0.6319022876302324,0.770744366405297,0.45131067048146967,0.4390617576660836,0.4511918424978409,1.0,1.7460013756929844
-1.0,-0.6885539134711333,-1.0,-1.0,-0.18099924932684652,-0.7406194083663147,1.2201284779149253
-0.3758519912888052,-0.9029409364041874,-0.3343735278444129,-0.7214253568739717,0.6722953833113161,0.1918865365177701,-0.5404752444897354
1.0,0.81566633606536,0.340866134079181,0.5393228818347257,-0.2386071815550811,-1.0,5.762342060181301
0.2702471131195252,-0.5508804301810214,-1.0,1.0,-0.6109253852656751,-1.0,1.303815495412032
-0.5617011355464698,-0.3748390671994225,-0.9987738686794798,-0.2518308697766814,0.4854058939900048,0.8298272628037964,3.693017016060436
-0.424059128078794,0.6101681842496872,-0.06975201975547551,0.98121702714472,-1.0,-0.3770469306881544,0.14133243992446137
1.0,1.0,0.646458847873318,-0.512370722649486,-0.11745486807400762,-1.0,1.9544761015414658
-0.58634220214694,-0.3767166773547364,-0.2697679916906877,0.01758480619621894,0.9636441018587334,-0.8226965583564133,2.4776401816116342
-0.7923582954315179,0.28360263901504573,-0.9040302426607472,-0.1939000091492602,-0.17156607209140284,0.17259991026258256,0.2591204308417414
-0.03539278120810285,1.0,1.0,1.0,0.8124125601963479,-0.46562749760641636,-5.623975247232082
0.7735915750800255,1.0,0.051270097957641037,0.4963204923249439,-0.1070667334058899,-0.8630960029681021,3.4481970828166832
-1.0,-0.8596976789757422,-1.0,-0.726219151550678,0.7293532301734409,0.19623292001156634,-4.903724515385692
-1.0,-0.5625202583694997,0.09502416918585754,0.845408565718151,-0.5960333428232059,-1.0,0.10326307237169485
-0.9775664361214408,-0.555373040595653,-0.42782388336484467,-0.4417758605167351,-0.8237108005491399,1.0,-0.2294147065605342
0.24199035329363405,0.009571266798763023,0.2929969076380397,1.0,1.0,-0.8427036443775309,0.8292716437351374
0.8946555987566848,-0.03235706710650005,1.0,0.06275052923877117,0.23181744530177553,0.038578159425414094,-0.33799030317191214
0.13363763507614268,0.25342679207772595,0.5621260202015955,0.015821294200487168,-1.0,-1.0,1.953442686097289
0.12247322094971641,0.021134549123159818,-0.46534028755702156,-0.8818545208692318,-1.0,-0.8182211057261264,0.08474658198000329
-0.03153148605961942,-0.910078299626681,-0.8481924387745197,-1.0,1.0,-0.43659588713782593,-1.4962382536599608
-1.0,-1.0,-1.0,-1.0,-0.08857483536581467,-1.0,1.726666837233073
1.0,-1.0,-0.9620358507874502,0.2683922043238444,0.3590392507270147,-0.5622648945918677,-2.072051254233811
0.8385071164113523,0.4539978952929029,-0.5025963642580049,0.02823122747937512,-0.1886275643159926,0.7741978620764653,3.349688479666161
-0.35820094552309895,1.0,0.46412098444754646,-0.7258994892848087,1.0,0.8903831238374419,4.393512645013816
0.1335034472708222,-1.0,-0.8623879722748565,-0.21554090858550823,-0.8133271684127479,0.06764328829043467,-2.34085292824167
0.11494636583023499,1.0,1.0,1.0,-1.0,1.0,-3.148355867931016
0.6528161647191268,0.46809001617251966,0.49120121246612514,1.0,0.020945108660280792,-0.17954431570175186,0.36208485623445874
-0.4122590038580228,0.6173081063060845,0.941481092809858,0.12178505291489042,-0.9451471788077501,-0.04873071850146404,-1.5928124803159895
-1.0,-0.5407136969011165,-0.8029299174084079,-1.0,-0.2449364779160056,-0.14255960510162913,-2.768958518151566
1.0,0.01454649076005865,0.0847870036267,1.0,1.0,-0.3657848945812182,-1.5474207579140409
-0.49695922372520784,-1.0,-0.3694626717837166,-0.9875544906967029,-1.0,-1.0,6.368433197392465
0.7290683605847491,0.3079937969171606,-0.19101474334560498,-0.3440286555687566,0.13899539100049318,-0.5750556014985513,0.7389318022305196
0.5027512685188154,-0.42700071745619483,1.0,1.0,0.07889319456890065,-0.8887751593396531,1.1806032354704152
-0.8701719307422219,-0.7350267842233869,0.6070803472504134,-0.17039589774935682,-0.6305845297503931,-0.16020942909617686,-1.0441775554223374
1.0,0.9272046432502825,0.9918757581241517,1.0,0.07993081209374142,0.7030118998940016,-4.798722043151897
0.7952932035954161,0.39868317644909634,0.9038898964476554,1.0,-0.41291915208403085,0.9024140316595566,-1.1137852462342757
-0.757688889817148,-0.44627539197922217,-1.0,-1.0,0.4668712216191535,0.13054225636099936,-1.9312899315543768
0.3459487581748406,-0.5148658493950584,0.3269544743527695,0.0046538811585011275,-0.6949599615997217,-0.15922790436880185,1.2030249586355015
-0.30423144341584085,-0.5358079526003467,-0.7436857918716999,-1.0,0.017288916283790964,0.5919508366009096,-0.9407441015099149
-1.0,-1.0,-1.0,-0.31971138336013283,-0.8578026423644284,-0.7055768154600139,-2.228475077145726
0.12482738252196668,0.9031513767379903,-0.40500086208219754,0.9056293509236235,-0.7363413713521023,-1.0,4.6663581234219
-0.666685474408255,0.055061076496979444,0.06427384241253048,1.0,-1.0,-1.0,0.18987041484620348
-0.4211339464187041,-1.0,-0.5018903010809643,-0.9411040069230345,-0.19104453243728448,-0.7953179896035321,1.8051300594278443
-0.7376939623066412,-1.0,0.13957396627296315,-1.0,-0.1409377265184344,-1.0,5.283400571440567
0.020811723486156453,-0.49101354050893675,-0.5360925829131251,1.0,0.363442380280069,-0.7218706160259689,0.8684184551216015
1.0,0.0009942214657426562,-0.7887967147180331,0.35312533070012564,-1.0,0.3059915213805746,4.31778920694758
-1.0,-1.0,-1.0,-0.6588555964942064,1.0,1.0,2.269402814751869
-1.0,0.17275284126439078,-0.8065435427794947,-0.12386700762594952,0.22305847749482854,1.0,7.6876100489013774
1.0,0.13164521082112568,1.0,0.25155868195377007,-0.6610269283368098,-0.27271782912182646,3.733198455629609
-0.40528082976807145,-0.7941147347671615,-0.13601758616972193,-1.0,1.0,0.7418968274196229,1.3201687726769773
-0.3554312963313034,0.13578701374103497,1.0,1.0,-0.48517181725322056,-1.0,1.2783418403202655
0.7202789867563737,1.0,1.0,0.2243878373633541,1.0,1.0,-5.263653968946869
1.0,0.5071841744321007,0.7206119868967471,0.1269026012575507,-1.0,-1.0,7.912788926167805
-0.16075889566210333,-0.7078233544549535,0.7562745546294443,-0.4188206186170751,-0.1919578053477422,1.0,-0.23690030767102005
-0.340662652118309,0.2999783769347152,0.2901483493084268,0.16063546736991055,1.0,0.8214202128329172,2.60188618114004
-1.0,-1.0,-1.0,-0.5996659273094799,-0.15619774531047992,-0.8623321492713533,2.191035973121411
-0.7334196926647018,0.9181573142612772,-0.5780963028745184,-0.6495357539085367,-0.04218977798270196,0.42447494858495083,2.137158786610855
-0.49225917892734106,0.15432195580948693,-0.008650313434650364,0.45494873218052895,0.43012990644816385,0.5539867265470442,1.7848796200633088
-0.8580513681145198,0.12605653543456086,0.6700413636314084,-1.0,0.2493995615452747,-1.0,2.3256627531557097
-0.8452648459064586,-0.7722122524006803,-0.9111063336138918,-0.4717164196107365,1.0,1.0,3.7926308593433826
-0.008029777413116834,-1.0,-0.5554223646984017,-0.16939726360911256,0.8219377339914005,-1.0,2.2995613293457726
0.8186876141148158,-0.5741878439678683,-0.24798849691925318,0.6895454817219776,1.0,0.7268647077927641,-0.571104373499552
-0.6958759422362883,-1.0,-1.0,-0.38996409947179966,0.21364793397732018,1.0,2.001562932832864
-0.34155910625921293,-1.0,-0.1801403340274792,-0.6569573041437731,-0.7935093480014002,-0.6896285746832242,3.813260207903257
0.2903141569052564,-0.35219055587049697,-0.08994969697090116,-0.3586567426092303,0.10812247265555408,-1.0,2.7811541129193564
0.5853752549948625,-0.08610056068087757,-0.015313128190138081,-1.0,-1.0,-0.9418133053928837,5.666784861903509
-0.2077970128903362,0.5577128614850625,0.6942580870992922,1.0,-0.6786798289843399,-0.192949245675879,0.2762478043778348
-0.8822373912464405,-0.6932306251617602,-1.0,-0.6198146933375566,-0.44903076941498965,-0.4521390000809143,-1.121895631604806
1.0,1.0,0.5320435507553891,0.3088176377833689,0.5549771960226076,-1.0,1.7867194029257523
0.9890400046831966,1.0,1.0,1.0,-0.7982522085593864,-0.3142944373471972,5.316208402609908
0.9214475771820233,0.08676622486039753,1.0,0.9029299326872062,-1.0,0.26723273443238305,1.9589138811564586
1.0,0.1421559083007275,0.46421318840686693,1.0,-0.11497474972813594,0.7432978382871259,1.2517598659378113
-1.0,-0.5307335641805427,-1.0,-0.8382439525303088,-0.9242701585160115,0.4243290025292718,-1.6207710249709293
0.25722189198239476,0.14863193697170107,1.0,1.0,-0.4269521725418021,-1.0,1.4975104534663608
-1.0,-0.01617543178319769,-1.0,-1.0,0.7235543339514037,1.0,7.921752509957095
0.36721484361050916,0.660687136845643,0.09047898979635005,-0.34035103151215906,-0.06930968821141553,1.0,4.361673610945484
1.0,0.8837053331631608,0.10225056842420319,-0.6639395615360731,-0.23561258556891318,-0.5403621804938457,2.2817185370082074
0.29421256127665407,-0.10229582121514766,-0.502874972014125,-1.0,-1.0,-0.48466249437315184,2.534555179348975
0.8813145031269018,0.14136024926968693,-0.009488229666598458,0.8561030494056676,1.0,0.4618000036950085,-1.9227564336536942
0.49117616074154635,1.0,-0.3265368827598742,1.0,-0.011701995911093332,-0.0380157923444826,2.3703723461149067
-0.41782214552692243,-0.22167061546674277,-0.28934954365417076,0.5852995138984531,0.6618992161697249,-0.5797305017565166,0.3064613484389974
1.0,1.0,1.0,0.4329353162672706,1.0,1.0,-6.8176871248155795
-0.012046794788784732,-0.3715872098715332,0.19225493678314287,0.057266412344228135,-0.9730378760055414,0.07306091240516854,0.16957681855702642
-0.22880954108683677,0.8812720168814794,0.39400829724510766,-0.12300936892827632,-0.3573458763078524,-0.9626063768900386,0.8855740447110488
0.5903150527204165,-0.7609609186563655,-1.0,0.9603620831979097,-0.10640417725786522,-1.0,0.42277592103158657
1.0,0.2737474113236671,0.7342669060652234,0.45027099307296026,0.4781374840722477,-1.0,1.3362888347091575
1.0,1.0,1.0,1.0,-0.49500281057078815,0.37571134866083244,0.7671997428282371
0.10808636815066802,-0.3390734791570209,0.6756017037215502,0.6700628458012382,0.9270696099050293,0.6112891732701281,-0.5255219823533134
-0.21653262980390814,1.0,0.33717592067340263,1.0,-1.0,-0.9591220956321986,3.8600397151583974
0.3954737045399418,0.3426504026050964,0.9513969852731774,0.20067012754619146,0.6152300522956937,-1.0,1.3378920466531317
-0.8220307188897664,-0.4280544135476473,0.47232696953453157,-1.0,-0.8680057577620841,-0.2749678710152703,0.724560430195201
0.9267133728847339,-1.0,-0.31651948147703357,-0.8724213683579023,-1.0,-0.8688279918514227,11.308765116954035
-0.5962006395809674,-0.5032152165505148,0.12635911993388912,-0.3285527542254041,0.21745886792947478,-0.03084950393941588,1.116530414571224
-0.13221653457905558,-0.7750703882221521,-0.3655865609484601,-1.0,-0.2530646487834669,0.5084438796577112,-1.0904868972004542
0.09701263554379488,0.7993712229654397,1.0,0.10649124226999518,-0.7256669930538995,-1.0,0.7607239331545113
-0.3111609427191249,1.0,1.0,0.5517660322730191,-1.0,-0.7491778413521202,-2.2224997204737442
-0.7365306166835712,-0.8151360530094852,0.800752285319762,-0.08058087890025545,-0.505407495530046,-0.3206804155085942,1.2594095702311603
-0.13779529593390372,1.0,0.794745459933712,1.0,-0.6890259241155738,0.5089108380126336,-2.621694535359866
-1.0,-1.0,-0.5991832014035182,-0.8373833467475729,-0.21350650544947603,-0.2509398051775851,-2.0792479751548156
0.7791162928446523,1.0,0.195418696237884,0.24811130594639497,0.09015240544297254,-0.6527590116148403,0.56527400956055
0.5533814232087547,0.35443458652025167,-0.11340968055542167,0.6013694428939366,-1.0,0.7728625849805859,4.707938100292358
-0.8790893139021521,-0.024078311466750657,-1.0,-1.0,-1.0,0.482621548218561,-0.12361678458893496
-0.6821160270947844,-0.8682491751153996,-0.15639427933448546,-0.26552564682223445,0.7519616198175763,0.553659174676386,1.7290387048201987
-0.5794588985044934,-0.44114710161993315,0.17266692479113188,0.8762700633857423,-0.5764384256090077,0.010110177087682803,-0.26059015685880493
0.4934044507903949,-1.0,-0.5744850822767222,-0.8696196315545376,-0.8559014192471981,-0.35695262543761186,4.645960563644391
-0.42176198069283205,0.36194681762640013,0.7697399459654374,-0.4064962313426833,0.4610712670207111,0.6064794183123143,0.2540526948757848
1.0,0.20958340888340393,-0.42552185773986667,0.5395395259958227,0.8558921727996848,0.5111528806890346,-2.4408964476161206
1.0,-0.12895947758603088,0.20194450247059972,1.0,0.3701490856176128,0.31841585164885433,-1.6750299468556187
-1.0,-0.18235424275879564,-1.0,-0.9570033934683972,-1.0,-1.0,2.901993039839557
-0.2777030901109957,0.4254624515069112,0.8986252950476662,-1.0,0.752868294990454,0.1423235299065202,0.5732530664113388
-0.3307925130151719,0.7451417010879888,0.22838907726929547,1.0,-0.7769374488588359,-1.0,3.74776736257488
0.610548669578299,-0.28083179798477353,1.0,-0.549890161362786,-0.03622557739946372,-1.0,3.5579661463954473
-0.37516527266043576,0.05274796064582238,-0.5494782649900788,-0.1608942250576696,-0.3810135768148754,0.995181472146923,2.3441884397144896
1.0,0.7186116743328912,-0.11008669515526814,1.0,0.6956050669491702,-1.0,1.9691400458118766
-0.18551239251837326,-1.0,-0.6993778340249117,-0.6573467447810186,0.363856458231296,0.757959320659126,-2.2036721569756796
0.4097578603981653,0.9036379525603697,1.0,0.7925297129419231,0.8350132973998559,0.09303736594371342,-4.311909294119318
0.2244424355866892,0.6188373356289629,0.6110402588998277,0.4050419663192466,-0.3698571111788732,0.6131926308000004,-0.023334463254203047
-0.9319758289317964,0.26420212783872843,-0.9815467547824093,0.09983725038618907,-0.7169651541868731,-1.0,3.0990104081199346
-0.8593863435824054,-1.0,-1.0,-0.18417009146814278,1.0,0.24272910149996774,-4.336871051882714
-0.8696576326110346,-0.6828997985084702,-1.0,0.31294664086741397,-0.15506552413350394,-0.8665353028714109,2.7269847849624753
-1.0,-1.0,-1.0,-1.0,0.2328237671977461,0.40025822253377596,-7.649695690084915
0.9163677525828593,0.7012396310768134,0.0735549860725696,1.0,0.00100867778256436,0.41538769038054013,0.4624676597522357
1.0,-0.6157024930154664,0.22375988858834467,-0.20899296336535245,-0.5204249232722811,-1.0,8.53020470741443
-0.16716546121133913,0.14816380940389384,-0.6769070279265041,0.543637551101243,-1.0,-0.8330334796913523,-0.29019920523435905
-0.5778431807934222,0.5387499310297885,0.3942478913708456,-0.7690113579798311,-0.026619276790971425,0.023818627170931084,-0.8459694038330647
0.9060238008555028,0.548315804086227,0.21677777207569582,-0.051369636549979725,0.3067880859910488,0.20727148614554086,-1.4248495678696114
-0.3121332623448039,0.25248139395609137,-0.40111564172800523,0.4204857633660373,-1.0,0.5746170609663126,-0.2463449840176325
0.6241315280776343,1.0,0.5718548284847893,1.0,1.0,1.0,-1.9569130205805478
-1.0,-0.525892205314658,-0.47981134051824714,0.3919866873729254,0.8437137365613152,0.9154455549748144,5.545601189387674
0.3156240094517939,0.17491089314402497,0.5122708421729175,-0.11965038666793443,-1.0,-0.7773837464712174,2.68978480372109
0.029721529885864184,-0.09451437171761434,-0.3471889872329028,-0.6686318540923601,1.0,-0.4388188016924499,1.6610567351400671
-0.15008129140780424,0.4246051646373241,-0.7283296998548636,0.9101144394606665,-0.4900800565600032,-1.0,2.333931450083339
0.09609364849514779,0.2145963195389967,0.26902821066160093,1.0,-1.0,0.3607043575746324,1.65186695135953
-0.05336711599792854,-1.0,-0.23459176214515565,-0.6419571603950305,-1.0,-0.9414631096133969,5.36056908978889
0.551074517361486,-0.35029307810624133,-0.734488272753047,0.9629809582839196,-0.7909424955290651,-0.3748480823912217,0.25079222394133727
-0.6582661622039483,-0.20173601999397806,-0.31839505169934823,0.229657814825455,-0.011004673980640117,-0.10945382967163542,-0.7313575067880626
-1.0,-1.0,0.8801407876256011,0.7057815065365463,0.6681704095045129,0.9693129561121214,1.742412732867415
-1.0,-0.48070764712379066,0.46856157328187314,-1.0,-1.0,-0.4725630079062538,1.4448332021710841
0.9145260593654454,1.0,1.0,0.19584300360475804,-1.0,-0.5368326398137633,1.720098238759304
0.38529003742778467,-0.9400711325416843,-0.6000404026229471,-0.65585071830492,0.1715335692432935,1.0,0.17711601276876338
-0.3481127348955869,-0.29282721545458346,-0.509744626974235,-0.47048743270484467,-0.41659147550905534,0.6287066043012297,0.659368480567028
-1.0,-1.0,-0.8157413587539619,-0.3241905728234715,-1.0,-0.7615545759601452,-1.2427432414106396
-0.3498506375883701,-0.3717811717698689,-0.3853345635019476,-0.5730288243982105,0.20825692437457943,0.17888652168067604,-0.508372149335363
0.05261013097801549,1.0,0.11163170039297007,-0.8234837470012712,-0.5191157166106424,-0.5548307059168096,0.22165785354919101
1.0,1.0,1.0,0.10173684370807567,-1.0,0.33674757621441676,1.2290697265827868
0.22587232382893285,1.0,0.4119788334244554,0.8342906077276454,0.19316434338279248,-0.008772652216176846,-1.3722664684971635
0.8402687172068675,0.6725592863953951,0.24170869369569178,0.438634461246729,-0.8639438308608831,-1.0,6.805472322607969
0.18695109913563074,0.6300499937642505,0.7658711816003102,-0.11338066173625072,-1.0,-0.28162780364215445,0.6569535970214411
-0.32543279233277783,0.5838908335913665,0.9933047066648707,0.011163540436146424,-1.0,-0.4272916112063634,-2.6857868337896953
-0.011506803071979266,0.03248687253587268,1.0,1.0,1.0,0.8265302754970156,-2.0085481637285345
-0.1962543151341345,0.9065527299832811,0.6360961298357831,0.5156709489512268,-1.0,-0.06979630108436385,-2.3120203452036603
0.9419445190814106,0.2910691897536879,1.0,0.8524262180963484,0.11875054561333542,0.23104029872946008,-1.2391429303719428
0.11766157386535542,-0.6748679861269067,0.8886301893967549,0.4587790529874175,-1.0,-0.13969650238571774,1.9797972402494
0.6892699322306617,0.7309635358981896,0.22283130678966584,0.18383010770120245,-0.8441791705646144,-0.5682838023213188,1.7829587038676944
-1.0,0.552993434145949,-0.7308252276286263,-0.6791713318514907,-1.0,-1.0,-1.3931499711888349
-0.3163967511225476,1.0,1.0,-0.01484160323715833,-0.9718471822351726,-0.6726517129629541,-4.406581025473125
-1.0,0.6961337163343299,-1.0,0.3271878508975491,1.0,-0.7298092844732911,2.602982279713847
-1.0,-1.0,-1.0,-1.0,-0.5996635243093473,0.5099932340027237,-4.273772057823926
0.13383827792335434,0.34168208172814085,-0.07671852083723496,0.9861066606240602,-1.0,-1.0,3.732266366133766
-1.0,0.11677432797523618,-0.930652502638584,-0.21385401400943044,-0.33800648391112653,1.0,5.899713572366962
0.23368221176381482,0.29231415033403324,1.0,-0.6449697521092105,0.9721051614728116,1.0,-2.541934442251633
0.3758257577395915,-0.41548580865365203,-1.0,-0.7580670685210025,-0.9732730234912841,0.4012371818468543,2.9247168731527045
-0.022028001728443103,0.2911703858678494,-0.8837775352449473,0.47775920907689307,0.5655984695580722,-1.0,1.255388798806297
0.6393877472025792,-0.3635360382376268,0.3528128240287479,-0.25681819877102996,-0.07918351762646525,-1.0,5.500179173221275
0.08572671562564105,-0.34641823159144236,-0.7032396228871904,-0.8846759007716651,1.0,-0.4628916262713618,0.3165521989287898
0.21539400532440767,-1.0,0.41732446883304763,-0.15351632163901213,-0.36877868729790597,0.007018249578437996,1.4411086792403063
-0.6020085705958553,-0.8010839833104385,0.6554641626142172,1.0,-0.8442554065723936,-0.3395402432205564,-0.3125510660176449
0.9386095808194816,-1.0,0.2829963639640796,0.0533076337556751,0.012429067294247975,0.12805784263653408,0.3370602278908707
0.3002965711197354,1.0,1.0,0.6468305646701684,-0.1325429448918014,-1.0,1.0164280642512187
0.8554658323555844,0.28522570718886864,1.0,1.0,0.9250850945102334,1.0,-5.3246130484777225
-1.0,-1.0,-0.49836207670497734,-0.6200822443191476,-1.0,-0.054592088223049506,-2.241078111218633
-0.1446267358378872,-0.047267779210263594,-1.0,-0.43102063119208434,-1.0,-1.0,0.19895490018142525
1.0,0.8894770257595777,0.22803941030539376,0.4039361465634581,0.5114246490841594,0.9006597108215031,0.42494424313578716
0.26503159026454837,0.29936170393655437,1.0,-0.7240798500382826,-0.250467397867687,0.21386758724633903,-0.5913626613889309
-1.0,-1.0,-1.0,-0.12349522782216571,-0.1921532866395601,-0.12314457933311562,-4.099008249712766
-0.11828962239838137,-0.30061128596334397,-0.4204853355014012,-0.2728287516387329,1.0,-0.031100697813935235,0.04947662219686734
0.7209139550592636,0.5036376075886084,1.0,1.0,-1.0,-0.48038810308114477,3.2886826221913643
-1.0,-1.0,-0.8874576078280779,0.12473421052293343,-0.7646812040989587,0.8691756408223852,-2.16106557586815
-0.32047074931136377,0.6754010751800822,-0.3758678641892866,-0.7503441760682437,1.0,1.0,9.275377654375466
1.0,0.05279826475698335,1.0,0.4906897999249816,-1.0,1.0,3.6964987384970094
1.0,0.833402814474062,1.0,0.028553630744741543,-1.0,0.5780249838993381,1.0277092906382888
-0.38260223436347474,-0.7776645420055239,-0.3873653032854374,-0.5786258184117754,1.0,0.4329666662187162,-0.24621054579303003
0.4280219635099777,-0.9565670926910939,-0.022944055813007846,-1.0,-1.0,-0.09239647221288827,6.842801223859285
-1.0,-0.02641036168013966,-0.4709975254802259,-1.0,0.06124141077138502,-0.24186712770384838,-0.5248330508958086
0.49787931557912174,0.27836630792538,0.20983438837241147,0.9113769166676805,-0.4148959414305582,0.0274636531528214,0.0839390889512086
-0.2641450606030092,-1.0,0.3552136087746943,0.20361809557265872,-0.3422480657966307,0.7906660975669624,0.22252914885516306
-0.91017290771685,1.0,1.0,-0.4580568018843225,1.0,-0.9681043764218791,-1.0520330660904746
-0.45983260991984,0.23900291359239273,-1.0,-0.42523639944490954,-0.3530951085481236,-0.4591724389319785,-0.9116493599643716
-0.7206136645446977,-1.0,-1.0,1.0,-0.028397764059571673,0.5191696684311468,-3.218465715093593
0.34056651734972715,1.0,-0.6099467439396861,-0.12548056866485935,-1.0,-0.7978467544641793,1.967440208833514
0.34983910720826106,-0.253206546106699,-0.3994237344414667,-1.0,0.1483951442460283,0.32945263502192,-0.5950019667742653
-0.4041077076135766,-0.9408341800753948,-0.7673997933185371,-0.5087940703513996,1.0,0.5257062452748438,-1.0617467840788084
0.3654213657951836,0.5884186074587182,-0.9562541231736869,-0.03308873176697591,-1.0,-1.0,2.13716343258686
-0.37032221747434324,-1.0,-0.27052662259264654,-0.7334314019042362,-1.0,1.0,3.86813121298503
-1.0,-1.0,-0.05178067419165172,-1.0,-1.0,-1.0,6.091505396185349
-1.0,-0.3312235131698298,-0.4356692771079427,-0.11734815294332446,0.9002996359395828,1.0,5.282233118410396
0.7879866995666944,0.6971201382863754,1.0,0.7309939657572064,1.0,0.7610009633713528,-5.631198340246703
0.9566604163821366,1.0,0.21876047760274253,0.04262157694786284,0.8562089991103385,-0.23928260474992358,-0.6026985178777264
-0.3597694156398762,0.007418493616325107,-1.0,0.2883444257680451,0.5445105810950062,-1.0,4.771909418140908
0.1954938992615377,-1.0,-0.292719497180156,-0.110443907012437,1.0,1.0,1.951618181152027
-0.10163506516865672,1.0,0.08670386407670178,0.7311680132412446,1.0,1.0,4.781553854533511
0.7382942492422999,-0.18263664695526094,1.0,0.5308827156475835,0.11988354570862796,0.28561141669861834,-1.0058122272276693
1.0,1.0,-0.07734595536319394,-1.0,1.0,-0.6342977800162879,-0.8350067712721279
-1.0,-1.0,-0.04088843659311303,-1.0,-0.5353493051935165,-1.0,4.902406785104345
-1.0,-1.0,-0.35276007205832205,-0.6277864153010869,-1.0,-0.9196336668164471,2.9258433739123553
0.767312077881797,1.0,0.29040198818790675,1.0,-0.2535475437519088,-1.0,6.7696213807741845
0.5402955112826537,0.8661380586636226,-0.8646686577040351,-0.011365636062496937,-0.8818084506704955,-0.10654568958644711,1.8037890766088993
-0.1546173887356419,-0.7065512661965276,-0.6072364879333194,-1.0,-1.0,-0.4434300482233655,2.9436008072759376
-1.0,0.049412580566077446,-1.0,-1.0,1.0,-0.5417875953664127,0.553656483592003
-0.9825868759766635,-1.0,0.7036169066818341,-0.4207451416303975,-0.5607546875139451,-1.0,6.029116820623382
-0.7589143839364813,-0.8133807231097557,0.4353218437801413,-0.4918140227125918,0.5193378344197761,0.5434118170919431,-0.2683940128380545
-0.33815907090166464,-0.3252401910627596,0.1710128801948323,0.11803886367004024,0.6267201903605155,1.0,2.8626428422415544
-0.24457535406151587,-0.09247136688930446,-0.28765954638989366,-0.18140436556492356,0.1767790678030282,-0.8912472278875652,2.03409267135778
-1.0,-0.08298326578202353,-0.3596599288870559,-1.0,-0.8968615002303003,-0.4606460041345052,0.689457084716962
-1.0,0.0148526477367249,-0.8401197498831838,-0.6374998306045282,-0.26239572680338086,-0.09319567827635702,-0.7725700849472621
0.07662729774764265,0.9662747471919745,0.806374516653459,0.6534928851226145,-0.6510983602711974,-0.32483707814470053,-1.561919452764267
-0.9359380614047825,-0.819105187269256,-1.0,-0.06452861430252133,-1.0,-1.0,0.45322227753215893
0.4588192589277954,1.0,0.7686507171436183,-0.30296048948889087,0.5332207706029546,1.0,-0.14995473978756774
-1.0,-0.547314358159468,-0.9967853343971179,-1.0,-0.638964465956694,-1.0,3.2930687673907553
0.6275716627597212,-0.09108037346325948,1.0,-0.5198615851801548,0.2752754752918735,0.40233845066303964,-2.1844402108903407
0.7727501341375638,0.04498133960034456,0.9209576753604672,-0.49567342718439555,-0.9862503508782087,0.5058059936408877,1.792623562467019
-1.0,-1.0,-0.014822414971595366,0.3534001393160244,1.0,-1.0,6.03630930956496
1.0,-0.9732636076903765,1.0,-0.16538798040793323,0.3672041358764182,-0.05217677760485895,1.7314990957850562
1.0,0.9183077936964228,0.5467637670939267,-0.41835573323489517,-0.7097189228378709,-1.0,4.619240093760348
-0.807263733239481,-1.0,1.0,-0.390200974301635,-1.0,-0.28620197031629124,2.275770297293394
0.5114585815316699,0.7617799868442969,-0.6784815832740437,0.028362145120773757,0.7039261615799788,-0.7246378950413046,-0.593837516764006
-1.0,-0.6944801963008388,-0.14866792115516225,-1.0,-1.0,-1.0,2.664947128968164
0.7634061997685624,0.971274692953733,0.3149648013212212,0.3467002809555868,0.8449274982558328,0.17439324947576007,-1.0831394582892795
-1.0,-0.8570540146719169,-1.0,0.4736133977057707,-0.3445810233059312,-0.20105233511094878,-3.883136830080879
1.0,0.2759268333589415,-0.32434595753595297,-0.6814073949556291,1.0,1.0,0.7060089008985455
-0.21677835819710356,0.16821275111577916,-0.10885113355691578,-0.42437007102779656,-0.17811340029890887,-0.6178160623570232,0.1035691033343838
0.7352232769058868,1.0,0.7776056265321334,0.3038675438865832,0.47631229865717795,0.15369357377161275,-3.4858331438508534
-1.0,-1.0,-1.0,-0.28827677885798875,0.3150548418966931,0.142797596265137,-4.079579035019904
1.0,0.5970403740245069,1.0,1.0,0.0986077769817153,-0.05845122181193918,-1.511475447824045
-1.0,-0.060599084730392994,-1.0,-0.3240231093191055,-0.15668384817792796,-0.60009935311823,0.9016089197483306
0.31064861936982646,0.19233536874016322,0.732525916738646,1.0,0.4445914059810603,0.764155515526644,-1.4187639466626356
1.0,-0.35166216120285276,0.251471675680744,-0.500460805140548,-0.2874681769342444,-1.0,7.451733926120843
0.8077936571893664,-0.5517809588936604,-0.3177723727891504,1.0,-0.14132076105030153,1.0,3.731174876937123
-0.9705383666830945,-0.9053284255973024,-0.169862040536793,0.5732135713162518,1.0,-0.43387153143945634,3.3160326072759814
-1.0,0.4122290206895146,-1.0,-1.0,1.0,0.16374270984598227,1.4737754234668463
-0.5381124897831713,0.44739245395687494,-1.0,0.27406421210975873,-0.20999134377863582,0.8970421969612851,7.360414007041762
-0.20426558750534551,0.2693950012166724,0.412551174914303,0.605246725632679,-1.0,0.5023112989682842,0.014472507149320912
-0.7265703935210871,-0.4689880647690299,0.26014776801278916,0.1068811608239571,-0.49636250499943774,-1.0,2.7582266263645727
1.0,0.45700823652252237,1.0,1.0,0.054825106389630895,1.0,-2.95504866146958
-0.08238475322597655,0.25805875747765306,1.0,-0.6779804261050776,-0.13489916585529574,1.0,-1.113382959393772
-1.0,-0.21425925184921124,-1.0,-1.0,-1.0,-1.0,2.3779227097757936
0.16413863867916967,-0.25387893180188026,0.0929797671928011,0.40204001042062876,0.16938547237205193,1.0,2.774200079817586
-0.4092983732726099,-0.15638553671547362,0.26621287162956553,0.35719230323467677,0.532145897074744,1.0,2.4070590989279306
-0.4957953842135222,0.2888752428373538,-0.6612175815831365,-0.9745004497400582,1.0,0.2860998045903984,4.114163284199169
-0.12323375379385981,-0.20561221073944458,-1.0,-1.0,-1.0,-0.9175228936626042,1.3660216877258697
-0.1428995307251415,-1.0,-0.833654243391324,-0.8920517192339709,1.0,-0.8689406432576066,1.3277977481164474
0.6252911537418541,1.0,0.9539635581832238,0.4354581982263246,-0.6551070401995653,-1.0,1.7246779906765501
0.7963765317644526,1.0,-0.17589604142198237,0.8885334918704899,1.0,0.14126678209670063,-1.7873227332393042
1.0,0.3036916340728575,1.0,1.0,-0.5911303578814978,-0.13810605430300765,2.2863348809324
-0.36127340138778724,-0.09486474454112251,0.037513322085609174,-0.2923965599898324,-1.0,-1.0,0.5083645244671053
0.051491365147620066,-1.0,0.22913698604602775,-0.9381456636703533,0.564639377438804,1.0,-0.08282494693961834
-0.18459068708545678,-1.0,0.5439946577904393,-0.175636441510215,0.2433250686131525,1.0,1.3028380553832524
1.0,0.3373804450360429,1.0,0.29673815049538943,-0.6596181963467289,-0.10050097645528669,2.9586733317663474
1.0,-0.9676710114571828,0.9385751359809877,1.0,0.9230361616298929,0.35897273869653534,-3.713160633985301
-0.0756318240244972,-0.05607492151243754,-0.31962453828883963,-1.0,0.6933059297814315,1.0,3.9605717797071835
0.0866232861782289,-0.8849280037587173,-1.0,-0.38709858871995495,-0.37834196826979416,-0.17662164111995582,-1.2606049434366096
1.0,1.0,1.0,0.331947550860894,-1.0,1.0,0.9347312939470425
-0.6902944903043056,-1.0,-1.0,-0.6640447181005807,1.0,-0.0414884488738394,-4.551583897358204
-1.0,-1.0,0.051375047288587786,-1.0,-0.7445107993390974,0.04240242370365799,0.16522039332064145
0.39452501113323535,-0.9878007768888096,-1.0,0.43418383011912576,-0.29233232882057114,1.0,2.9448204597381356
1.0,-0.17641311359316547,-0.44640228335635446,1.0,1.0,-0.5045965776555952,-2.314538275393179
1.0,0.5960424249846099,0.01973708037718802,0.29668547462137523,-0.43916638347546627,1.0,4.079303788526905
-1.0,-1.0,-0.39182565138131875,0.3570614475824303,0.6951598800534298,0.9619402075084519,3.076974431409735
0.7761580322801933,1.0,0.1375728446481328,1.0,0.0161224143772436,0.08722275076775618,0.7923389407253296
-1.0,-1.0,0.12727716551073456,0.10297154971056882,0.2070418742768072,0.5958351669491975,0.1428121913486346
-0.15490497797195202,-0.20850669754149376,-0.14114982581571556,-0.17530114936901353,-1.0,-1.0,1.203710561353225
-0.07635652099953749,-0.859292390324134,0.02618630506166364,-0.7338704762537952,1.0,0.5267570307436868,0.4046808251363473
-0.7645246843142268,-1.0,-1.0,-0.1494940489849681,-1.0,-0.4219968604680173,-4.6193069602018575
-0.7890893396135934,-1.0,0.7365038405579621,-0.3464568996333709,1.0,1.0,2.5961485631216332
-1.0,-0.4221840235029204,-1.0,-0.4191931049609764,0.52385836617525,1.0,6.260720815409736
0.751735590954223,0.619894495282878,0.6852220401607114,0.6201919959693327,0.8631797031360418,0.5783350000958118,-3.157178395406269
1.0,1.0,0.02870445562145818,0.8657184203406083,0.7811977072838538,1.0,-0.33344980619649756
-0.30761093197721745,0.22351109406161862,-0.7478925976931986,-0.2485921194976749,-0.012671256255293695,-0.4185773728114157,-0.1796380736599732
-0.1738197562107613,-1.0,-1.0,-1.0,1.0,0.6839139082198045,-3.482351521262089
-0.45891415710087924,-1.0,-1.0,-0.037165068174510374,1.0,-0.4637575582532385,-2.8528803793827455
-0.8271432188816575,-0.24184349998763555,-1.0,-0.06439450392854462,-1.0,0.49618301616280946,-1.9648225885681831
0.4028662766052728,0.7642876265079728,0.038669879933884044,-0.5953682930511714,0.12590322086265876,-0.0398060814449116,-0.22456249312539817
-0.5101562936569435,-0.16455990302545487,-1.0,-0.2942314637298281,-0.8715897146800415,-0.5009763305581121,-1.6663446655243517
-0.4524584212859695,-1.0,-0.19040750732757938,0.00036990292781190204,0.16378982418196086,0.2416573775940376,-1.3591857309010011
0.26544424147823914,0.05229534821243094,-1.0,0.6836210795920726,-0.3692891679499232,-0.0814719312446032,-0.04263835299961022
0.1746770515400231,0.7482831039676234,1.0,0.7856813147851881,0.08498310783915364,1.0,-3.8303807952975006
0.9077921275751331,-0.4028431154497376,-1.0,0.4135355023405354,-0.7095822530156137,-0.018563261811484044,3.005143296002489
0.16141079630607308,0.6993822570244526,0.583654179953195,0.8740473613683248,1.0,-1.0,0.1625491293273969
0.04389170979918078,-0.33982960089249525,-0.44602486042780587,-0.6664028905460406,1.0,1.0,4.105929789832901
0.5123438261247582,-0.6548471186693042,-0.2760528147649848,0.37013647980053505,0.2068948090338263,0.7966762527250373,0.9132808689230321
0.7174670958313336,0.7185637731348229,0.3040906483002105,1.0,-1.0,0.21372762566982387,2.7946044759123496
0.3421871408464991,-0.45685466921987355,-0.06977061496946091,-0.45632834176889214,-1.0,-0.5184171281094777,2.2146518399791812
-0.2969233563050606,1.0,1.0,0.5180996846906583,0.04519476661831434,0.61771607587401,-4.551430502596661
-0.1827087190342026,-0.7181508986517247,1.0,-0.9868048220997055,0.6510136136749751,0.7412819944263032,-3.1613308825415247
1.0,0.5415778183445437,1.0,1.0,-0.5127500217411993,-0.8584749774108603,4.126538299576291
-0.2613194812906372,0.037642729119755,-0.17586832545690784,-1.0,1.0,1.0,6.895962684140436
-0.058307741395622004,-0.7927645515139603,-0.7635623150621861,-1.0,0.24235346301404836,0.6969930441400307,-0.5362328022301502
1.0,0.24151303140962943,0.8022093692104575,0.6351796023577228,1.0,0.12011655226849471,-4.305957970317015
0.46073824470020447,-0.5172744362985265,-0.6589778889850049,0.3476394286377942,-0.9305834168390871,-1.0,2.3158374855969175
-0.43828118234238134,-0.5546195288219148,0.5325404752999254,1.0,0.1854712256997353,0.5195886058938068,-1.1510641755265825
0.38360899242796237,1.0,0.5982574031205258,1.0,0.2423532731945868,-0.9934980626774828,1.8992751032841255
0.27559970588807037,0.18579085870469725,-0.35056043312205076,0.41976933546242723,0.15620609957575682,0.39641378741120203,0.014082908749318168
0.5642825176197388,-0.2193252739148439,0.007844183084877332,-1.0,0.45328063453726697,0.7966629031768483,0.5379317727999282
0.05720410903492115,-0.11795179240803122,0.2945971499836163,-1.0,-1.0,0.16709621128832086,1.2871745928391543
0.35391834744815354,1.0,0.08659539365746582,1.0,-0.07494004361285356,0.7378945809103112,0.5417956086816851
-0.041723460885862096,-0.18934909887429408,-0.20422098006363076,-0.28275187082881625,-0.9104753897701268,0.14045986865574178,-0.026602625687452308
0.5465234669238563,0.040949196742193605,0.3892095625776863,1.0,1.0,0.30830842151047455,-1.3070459139017452
1.0,0.7665489747232788,0.06587050017810903,1.0,-0.7156471426216504,0.7087433964135923,4.25654413245282
-0.45122200142236113,-1.0,-1.0,-0.7747041258653622,1.0,1.0,0.5061651444060863
-1.0,-0.7624805138700517,-1.0,0.07161049138915687,-1.0,-0.4758996329215599,-4.193519129596621
0.38179592316396055,-0.6043880860909663,-0.9879790012164208,-0.3479225023023801,-1.0,0.3353111310155851,1.649136788645425
1.0,0.32970008792635985,-0.2256833287275658,0.4027242087247729,1.0,0.3930041193559419,-1.9226635572397324
-0.4999940259306708,-0.33113608337695066,-0.2002313055340305,0.12910803958037487,-0.9582738521778206,-1.0,0.11644756173968218
-1.0,0.008514285014064704,-0.37161974098550243,-1.0,0.2248789803954977,-0.40678955427113395,1.5460961654055048
0.3201808607731451,0.017494679353613263,1.0,0.3346281095265873,-0.3556414976526647,-0.4207800107697216,0.7560201672216338
1.0,-1.0,-0.16668945951454794,-0.7494818190686091,-1.0,-0.620645239390436,9.378939956088692
-0.2908266690439989,-1.0,-0.07644428250090052,-0.13375138426549846,0.9923788188688645,1.0,2.0461982578862727
0.22237942586849546,-0.5223532259382124,-0.013311733601016673,-1.0,-1.0,-0.5361580776684822,5.523677553164783
1.0,0.1750522666456421,0.5210690954762599,0.6122867166086515,-0.5649323643164557,-0.10392911843255379,2.7702356839030284
-0.7887865201276163,-0.8334635539243269,-0.4463370476206865,-0.00044303808652146337,1.0,-0.15984969050415815,0.21162428514844356
-0.5250929455081288,-1.0,-1.0,-0.7421821518161709,1.0,0.1023405985688417,-4.107494272116404
-0.28525341854184416,-1.0,-1.0,-0.9741515774536288,-0.9793115692457887,-0.19624753438281317,1.0112773244581545
-1.0,0.006100717913211762,-0.21648310630885614,-0.39068174056458327,-0.22681351186954873,0.6120386726720362,-0.6204863700259706
1.0,0.7330495370779548,1.0,0.19969797532126532,-0.42785993435235803,-0.696972481991778,2.7923644485196
-0.000933666394560273,-1.0,-0.8261417425402191,-0.9961402860715702,-0.15287593263481902,-0.5798625379983643,-0.42143001487297416
0.08396904447540954,1.0,0.1746619736749626,0.4405574970485697,1.0,0.057764191929077,-0.1411859461311244
-1.0,-0.2211776130196925,-1.0,-1.0,-0.5214854844769696,-1.0,3.7893037934860017
-0.5949994734047139,0.7406147773995501,0.3091252366867596,0.9511276593365812,1.0,0.37513920922805166,2.1971126614722447
-0.5849735226545422,-0.42550262886348256,-0.06081200521803737,-0.04020954217769096,0.0341961995763973,0.6892911206171783,-0.03356160846995604
0.00010750198446737858,-1.0,-0.9639435035265989,-1.0,-1.0,-1.0,6.143936156886159
0.3302766349905683,0.3686632529141112,-0.40664809526352347,0.6873978727272714,0.03739708578258161,1.0,4.367421997805102
-0.2592102114477799,0.20426977626208637,-0.35912405485800547,0.21217747808426868,-0.77155390696512,-0.6710128705496314,-1.185953855976075
1.0,1.0,0.4113076773927042,0.6920551802105626,0.5207327142299794,0.8228537421778244,-3.231766361333005
-0.6038461653646761,0.458474269861385,-0.4557141228024486,0.3466208612336814,0.43975571999106666,0.6476436059876177,2.929599695560502
-0.5559058283377599,-1.0,-0.9668744507688423,0.4880503321699572,-1.0,1.0,2.485204262236608
0.4938746777279952,0.17005446614192693,0.9768597087596262,1.0,1.0,1.0,-2.750252264112697
0.07813141094550247,1.0,0.11996355911816137,0.2988936943155647,-0.94206531425385,0.6290764206898379,1.2729503185221973
-0.5627178599155352,-1.0,0.4069648329938152,1.0,0.6147821266147571,-0.20456004351524948,0.5736535236517707
0.40120402341653183,1.0,0.18866175213774572,0.7467249302518683,0.18491823317290135,-0.8370464752592596,1.3948172428427164
-0.41280166664097595,-0.8288036078693486,-0.7696605896772665,-0.6394388625871876,-1.0,-1.0,1.9287003640597913
1.0,1.0,1.0,1.0,-1.0,-1.0,8.723319009422228
